,sub_num,vid_str,wed_num,onset_TR,state,len_TRs,offset_TR
0,3,vid1a,1,111,1b,17,128
1,3,vid1a,2,207,1b,17,224
2,3,vid1a,3,303,1b,17,320
3,3,vid1a,4,399,1b,17,416
4,3,vid1a,5,495,1b,17,512
5,3,vid1a,6,591,1b,17,608
6,3,vid1a,7,687,1b,17,704
7,3,vid1a,8,784,1b,17,801
8,3,vid1a,9,880,1b,17,897
9,3,vid1a,10,976,1b,17,993
10,3,vid1b,1,128,1b,6,134
11,3,vid1b,2,224,1b,6,230
12,3,vid1b,3,320,1b,6,326
13,3,vid1b,4,416,1b,6,422
14,3,vid1b,5,512,1b,6,518
15,3,vid1b,6,608,1b,6,614
16,3,vid1b,7,704,1b,6,710
17,3,vid1b,8,800,1b,6,806
18,3,vid1b,9,896,1b,6,902
19,3,vid1b,10,993,1b,6,999
20,3,vid2,1,134,2a,11,145
21,3,vid2,2,230,2a,11,241
22,3,vid2,3,326,2b,11,337
23,3,vid2,4,422,2b,11,433
24,3,vid2,5,518,2b,11,529
25,3,vid2,6,614,2b,11,625
26,3,vid2,7,710,2a,11,721
27,3,vid2,8,806,2a,11,817
28,3,vid2,9,902,2b,11,913
29,3,vid2,10,999,2a,11,1010
30,3,vid3,1,145,3a,15,160
31,3,vid3,2,241,3a,15,256
32,3,vid3,3,337,3a,15,352
33,3,vid3,4,433,3a,15,448
34,3,vid3,5,529,3b,15,544
35,3,vid3,6,625,3b,15,640
36,3,vid3,7,721,3b,15,736
37,3,vid3,8,818,3b,15,833
38,3,vid3,9,914,3b,15,929
39,3,vid3,10,1010,3a,15,1025
40,3,vid4,1,160,4a,16,176
41,3,vid4,2,257,4a,16,273
42,3,vid4,3,353,4b,16,369
43,3,vid4,4,449,4b,16,465
44,3,vid4,5,545,4b,16,561
45,3,vid4,6,641,4b,16,657
46,3,vid4,7,737,4a,16,753
47,3,vid4,8,833,4a,16,849
48,3,vid4,9,929,4b,16,945
49,3,vid4,10,1025,4a,16,1041
50,3,vid5,1,176,5,7,183
51,3,vid5,2,273,5,7,280
52,3,vid5,3,369,5,7,376
53,3,vid5,4,465,5,7,472
54,3,vid5,5,561,5,7,568
55,3,vid5,6,657,5,7,664
56,3,vid5,7,753,5,7,760
57,3,vid5,8,849,5,7,856
58,3,vid5,9,945,5,7,952
59,3,vid5,10,1041,5,7,1048
60,3,vid1a_q,0,12,1b,17,29
61,3,vid1a_q,11,1075,1b,17,1092
62,3,vid1b_q,0,29,1b,6,35
63,3,vid1b_q,11,1092,1b,6,1098
64,3,vid2_q,0,35,2b,11,46
65,3,vid2_q,11,1098,2a,11,1109
66,3,vid3_q,0,49,3a,15,64
67,3,vid3_q,11,1112,3b,15,1127
68,3,vid4_q,0,67,4b,16,83
69,3,vid4_q,11,1130,4a,16,1146
70,3,vid5_q,0,83,5,7,90
71,3,vid5_q,11,1146,5,7,1153
0,4,vid1a,1,112,1b,17,129
1,4,vid1a,2,207,1b,17,224
2,4,vid1a,3,303,1b,17,320
3,4,vid1a,4,399,1b,17,416
4,4,vid1a,5,495,1b,17,512
5,4,vid1a,6,592,1b,17,609
6,4,vid1a,7,687,1b,17,704
7,4,vid1a,8,783,1b,17,800
8,4,vid1a,9,879,1b,17,896
9,4,vid1a,10,976,1b,17,993
10,4,vid1b,1,128,1b,6,134
11,4,vid1b,2,224,1b,6,230
12,4,vid1b,3,320,1b,6,326
13,4,vid1b,4,416,1b,6,422
14,4,vid1b,5,512,1b,6,518
15,4,vid1b,6,608,1b,6,614
16,4,vid1b,7,704,1b,6,710
17,4,vid1b,8,800,1b,6,806
18,4,vid1b,9,896,1b,6,902
19,4,vid1b,10,992,1b,6,998
20,4,vid2,1,134,2b,11,145
21,4,vid2,2,230,2a,11,241
22,4,vid2,3,326,2b,11,337
23,4,vid2,4,422,2b,11,433
24,4,vid2,5,518,2b,11,529
25,4,vid2,6,614,2b,11,625
26,4,vid2,7,710,2a,11,721
27,4,vid2,8,806,2b,11,817
28,4,vid2,9,902,2a,11,913
29,4,vid2,10,998,2a,11,1009
30,4,vid3,1,146,3b,15,161
31,4,vid3,2,241,3a,15,256
32,4,vid3,3,337,3a,15,352
33,4,vid3,4,433,3a,15,448
34,4,vid3,5,530,3b,15,545
35,4,vid3,6,626,3b,15,641
36,4,vid3,7,722,3b,15,737
37,4,vid3,8,817,3a,15,832
38,4,vid3,9,913,3a,15,928
39,4,vid3,10,1010,3a,15,1025
40,4,vid4,1,161,4b,16,177
41,4,vid4,2,257,4a,16,273
42,4,vid4,3,352,4b,16,368
43,4,vid4,4,449,4b,16,465
44,4,vid4,5,545,4b,16,561
45,4,vid4,6,641,4b,16,657
46,4,vid4,7,737,4a,16,753
47,4,vid4,8,832,4b,16,848
48,4,vid4,9,929,4a,16,945
49,4,vid4,10,1025,4a,16,1041
50,4,vid5,1,177,5,7,184
51,4,vid5,2,273,5,7,280
52,4,vid5,3,368,5,7,375
53,4,vid5,4,465,5,7,472
54,4,vid5,5,561,5,7,568
55,4,vid5,6,657,5,7,664
56,4,vid5,7,753,5,7,760
57,4,vid5,8,848,5,7,855
58,4,vid5,9,945,5,7,952
59,4,vid5,10,1041,5,7,1048
60,4,vid1a_q,0,12,1b,17,29
61,4,vid1a_q,11,1074,1b,17,1091
62,4,vid1b_q,0,29,1b,6,35
63,4,vid1b_q,11,1091,1b,6,1097
64,4,vid2_q,0,35,2a,11,46
65,4,vid2_q,11,1097,2a,11,1108
66,4,vid3_q,0,49,3b,15,64
67,4,vid3_q,11,1111,3b,15,1126
68,4,vid4_q,0,67,4a,16,83
69,4,vid4_q,11,1129,4a,16,1145
70,4,vid5_q,0,83,5,7,90
71,4,vid5_q,11,1145,5,7,1152
0,5,vid1a,1,112,1b,17,129
1,5,vid1a,2,207,1b,17,224
2,5,vid1a,3,303,1b,17,320
3,5,vid1a,4,399,1b,17,416
4,5,vid1a,5,496,1b,17,513
5,5,vid1a,6,592,1b,17,609
6,5,vid1a,7,688,1b,17,705
7,5,vid1a,8,784,1b,17,801
8,5,vid1a,9,880,1b,17,897
9,5,vid1a,10,976,1b,17,993
10,5,vid1b,1,128,1b,6,134
11,5,vid1b,2,224,1b,6,230
12,5,vid1b,3,320,1b,6,326
13,5,vid1b,4,416,1b,6,422
14,5,vid1b,5,512,1b,6,518
15,5,vid1b,6,608,1b,6,614
16,5,vid1b,7,704,1b,6,710
17,5,vid1b,8,800,1b,6,806
18,5,vid1b,9,897,1b,6,903
19,5,vid1b,10,993,1b,6,999
20,5,vid2,1,134,2b,11,145
21,5,vid2,2,230,2b,11,241
22,5,vid2,3,326,2b,11,337
23,5,vid2,4,422,2a,11,433
24,5,vid2,5,518,2b,11,529
25,5,vid2,6,614,2a,11,625
26,5,vid2,7,710,2b,11,721
27,5,vid2,8,806,2a,11,817
28,5,vid2,9,903,2a,11,914
29,5,vid2,10,999,2a,11,1010
30,5,vid3,1,146,3b,15,161
31,5,vid3,2,242,3b,15,257
32,5,vid3,3,338,3a,15,353
33,5,vid3,4,433,3b,15,448
34,5,vid3,5,530,3b,15,545
35,5,vid3,6,626,3a,15,641
36,5,vid3,7,722,3a,15,737
37,5,vid3,8,818,3b,15,833
38,5,vid3,9,914,3a,15,929
39,5,vid3,10,1011,3a,15,1026
40,5,vid4,1,161,4b,16,177
41,5,vid4,2,257,4b,16,273
42,5,vid4,3,353,4b,16,369
43,5,vid4,4,449,4a,16,465
44,5,vid4,5,545,4b,16,561
45,5,vid4,6,641,4a,16,657
46,5,vid4,7,737,4b,16,753
47,5,vid4,8,833,4a,16,849
48,5,vid4,9,929,4a,16,945
49,5,vid4,10,1026,4a,16,1042
50,5,vid5,1,177,5,7,184
51,5,vid5,2,273,5,7,280
52,5,vid5,3,369,5,7,376
53,5,vid5,4,465,5,7,472
54,5,vid5,5,561,5,7,568
55,5,vid5,6,657,5,7,664
56,5,vid5,7,753,5,7,760
57,5,vid5,8,849,5,7,856
58,5,vid5,9,945,5,7,952
59,5,vid5,10,1042,5,7,1049
60,5,vid1a_q,0,12,1b,17,29
61,5,vid1a_q,11,1074,1b,17,1091
62,5,vid1b_q,0,29,1b,6,35
63,5,vid1b_q,11,1091,1b,6,1097
64,5,vid2_q,0,35,2b,11,46
65,5,vid2_q,11,1097,2a,11,1108
66,5,vid3_q,0,49,3a,15,64
67,5,vid3_q,11,1111,3b,15,1126
68,5,vid4_q,0,67,4b,16,83
69,5,vid4_q,11,1129,4a,16,1145
70,5,vid5_q,0,83,5,7,90
71,5,vid5_q,11,1145,5,7,1152
0,6,vid1a,1,111,1b,17,128
1,6,vid1a,2,207,1b,17,224
2,6,vid1a,3,302,1b,17,319
3,6,vid1a,4,398,1b,17,415
4,6,vid1a,5,494,1b,17,511
5,6,vid1a,6,591,1b,17,608
6,6,vid1a,7,687,1b,17,704
7,6,vid1a,8,783,1b,17,800
8,6,vid1a,9,879,1b,17,896
9,6,vid1a,10,976,1b,17,993
10,6,vid1b,1,128,1b,6,134
11,6,vid1b,2,224,1b,6,230
12,6,vid1b,3,319,1b,6,325
13,6,vid1b,4,415,1b,6,421
14,6,vid1b,5,511,1b,6,517
15,6,vid1b,6,608,1b,6,614
16,6,vid1b,7,704,1b,6,710
17,6,vid1b,8,800,1b,6,806
18,6,vid1b,9,896,1b,6,902
19,6,vid1b,10,993,1b,6,999
20,6,vid2,1,134,2b,11,145
21,6,vid2,2,230,2b,11,241
22,6,vid2,3,325,2b,11,336
23,6,vid2,4,421,2a,11,432
24,6,vid2,5,517,2a,11,528
25,6,vid2,6,614,2b,11,625
26,6,vid2,7,710,2a,11,721
27,6,vid2,8,806,2b,11,817
28,6,vid2,9,902,2a,11,913
29,6,vid2,10,999,2a,11,1010
30,6,vid3,1,145,3b,15,160
31,6,vid3,2,241,3b,15,256
32,6,vid3,3,336,3a,15,351
33,6,vid3,4,432,3b,15,447
34,6,vid3,5,528,3a,15,543
35,6,vid3,6,625,3b,15,640
36,6,vid3,7,721,3b,15,736
37,6,vid3,8,817,3a,15,832
38,6,vid3,9,913,3a,15,928
39,6,vid3,10,1010,3a,15,1025
40,6,vid4,1,161,4b,16,177
41,6,vid4,2,257,4b,16,273
42,6,vid4,3,352,4b,16,368
43,6,vid4,4,448,4a,16,464
44,6,vid4,5,544,4a,16,560
45,6,vid4,6,640,4b,16,656
46,6,vid4,7,736,4a,16,752
47,6,vid4,8,832,4b,16,848
48,6,vid4,9,929,4a,16,945
49,6,vid4,10,1025,4a,16,1041
50,6,vid5,1,177,5,7,184
51,6,vid5,2,273,5,7,280
52,6,vid5,3,368,5,7,375
53,6,vid5,4,464,5,7,471
54,6,vid5,5,560,5,7,567
55,6,vid5,6,656,5,7,663
56,6,vid5,7,752,5,7,759
57,6,vid5,8,848,5,7,855
58,6,vid5,9,945,5,7,952
59,6,vid5,10,1041,5,7,1048
60,6,vid1a_q,0,12,1b,17,29
61,6,vid1a_q,11,1075,1b,17,1092
62,6,vid1b_q,0,29,1b,6,35
63,6,vid1b_q,11,1092,1b,6,1098
64,6,vid2_q,0,35,2b,11,46
65,6,vid2_q,11,1098,2a,11,1109
66,6,vid3_q,0,49,3a,15,64
67,6,vid3_q,11,1112,3b,15,1127
68,6,vid4_q,0,67,4b,16,83
69,6,vid4_q,11,1130,4a,16,1146
70,6,vid5_q,0,83,5,7,90
71,6,vid5_q,11,1146,5,7,1153
0,7,vid1a,1,112,1b,17,129
1,7,vid1a,2,208,1b,17,225
2,7,vid1a,3,304,1b,17,321
3,7,vid1a,4,400,1b,17,417
4,7,vid1a,5,495,1b,17,512
5,7,vid1a,6,591,1b,17,608
6,7,vid1a,7,688,1b,17,705
7,7,vid1a,8,784,1b,17,801
8,7,vid1a,9,880,1b,17,897
9,7,vid1a,10,977,1b,17,994
10,7,vid1b,1,129,1b,6,135
11,7,vid1b,2,225,1b,6,231
12,7,vid1b,3,320,1b,6,326
13,7,vid1b,4,417,1b,6,423
14,7,vid1b,5,512,1b,6,518
15,7,vid1b,6,608,1b,6,614
16,7,vid1b,7,705,1b,6,711
17,7,vid1b,8,801,1b,6,807
18,7,vid1b,9,897,1b,6,903
19,7,vid1b,10,993,1b,6,999
20,7,vid2,1,135,2b,11,146
21,7,vid2,2,231,2a,11,242
22,7,vid2,3,326,2a,11,337
23,7,vid2,4,423,2b,11,434
24,7,vid2,5,518,2a,11,529
25,7,vid2,6,614,2b,11,625
26,7,vid2,7,711,2b,11,722
27,7,vid2,8,807,2b,11,818
28,7,vid2,9,903,2b,11,914
29,7,vid2,10,999,2a,11,1010
30,7,vid3,1,146,3b,15,161
31,7,vid3,2,242,3a,15,257
32,7,vid3,3,338,3b,15,353
33,7,vid3,4,434,3a,15,449
34,7,vid3,5,529,3a,15,544
35,7,vid3,6,625,3b,15,640
36,7,vid3,7,722,3a,15,737
37,7,vid3,8,818,3a,15,833
38,7,vid3,9,914,3b,15,929
39,7,vid3,10,1011,3a,15,1026
40,7,vid4,1,162,4b,16,178
41,7,vid4,2,257,4a,16,273
42,7,vid4,3,353,4a,16,369
43,7,vid4,4,449,4b,16,465
44,7,vid4,5,545,4a,16,561
45,7,vid4,6,641,4b,16,657
46,7,vid4,7,737,4b,16,753
47,7,vid4,8,833,4b,16,849
48,7,vid4,9,930,4b,16,946
49,7,vid4,10,1026,4a,16,1042
50,7,vid5,1,178,5,7,185
51,7,vid5,2,273,5,7,280
52,7,vid5,3,369,5,7,376
53,7,vid5,4,465,5,7,472
54,7,vid5,5,561,5,7,568
55,7,vid5,6,657,5,7,664
56,7,vid5,7,753,5,7,760
57,7,vid5,8,849,5,7,856
58,7,vid5,9,946,5,7,953
59,7,vid5,10,1042,5,7,1049
60,7,vid1a_q,0,13,1b,17,30
61,7,vid1a_q,11,1075,1b,17,1092
62,7,vid1b_q,0,29,1b,6,35
63,7,vid1b_q,11,1092,1b,6,1098
64,7,vid2_q,0,35,2a,11,46
65,7,vid2_q,11,1098,2a,11,1109
66,7,vid3_q,0,49,3b,15,64
67,7,vid3_q,11,1112,3b,15,1127
68,7,vid4_q,0,67,4a,16,83
69,7,vid4_q,11,1130,4a,16,1146
70,7,vid5_q,0,83,5,7,90
71,7,vid5_q,11,1146,5,7,1153
0,8,vid1a,1,111,1b,17,128
1,8,vid1a,2,207,1b,17,224
2,8,vid1a,3,304,1b,17,321
3,8,vid1a,4,399,1b,17,416
4,8,vid1a,5,496,1b,17,513
5,8,vid1a,6,592,1b,17,609
6,8,vid1a,7,688,1b,17,705
7,8,vid1a,8,785,1b,17,802
8,8,vid1a,9,881,1b,17,898
9,8,vid1a,10,977,1b,17,994
10,8,vid1b,1,128,1b,6,134
11,8,vid1b,2,224,1b,6,230
12,8,vid1b,3,320,1b,6,326
13,8,vid1b,4,416,1b,6,422
14,8,vid1b,5,512,1b,6,518
15,8,vid1b,6,609,1b,6,615
16,8,vid1b,7,705,1b,6,711
17,8,vid1b,8,801,1b,6,807
18,8,vid1b,9,898,1b,6,904
19,8,vid1b,10,993,1b,6,999
20,8,vid2,1,134,2b,11,145
21,8,vid2,2,230,2a,11,241
22,8,vid2,3,326,2a,11,337
23,8,vid2,4,422,2b,11,433
24,8,vid2,5,518,2b,11,529
25,8,vid2,6,615,2a,11,626
26,8,vid2,7,711,2b,11,722
27,8,vid2,8,807,2a,11,818
28,8,vid2,9,904,2a,11,915
29,8,vid2,10,999,2b,11,1010
30,8,vid3,1,145,3b,15,160
31,8,vid3,2,241,3a,15,256
32,8,vid3,3,337,3b,15,352
33,8,vid3,4,433,3a,15,448
34,8,vid3,5,530,3b,15,545
35,8,vid3,6,626,3a,15,641
36,8,vid3,7,723,3a,15,738
37,8,vid3,8,819,3b,15,834
38,8,vid3,9,915,3a,15,930
39,8,vid3,10,1011,3b,15,1026
40,8,vid4,1,161,4b,16,177
41,8,vid4,2,257,4a,16,273
42,8,vid4,3,353,4a,16,369
43,8,vid4,4,449,4b,16,465
44,8,vid4,5,545,4b,16,561
45,8,vid4,6,641,4a,16,657
46,8,vid4,7,738,4b,16,754
47,8,vid4,8,834,4a,16,850
48,8,vid4,9,930,4a,16,946
49,8,vid4,10,1026,4b,16,1042
50,8,vid5,1,177,5,7,184
51,8,vid5,2,273,5,7,280
52,8,vid5,3,369,5,7,376
53,8,vid5,4,465,5,7,472
54,8,vid5,5,561,5,7,568
55,8,vid5,6,657,5,7,664
56,8,vid5,7,754,5,7,761
57,8,vid5,8,850,5,7,857
58,8,vid5,9,946,5,7,953
59,8,vid5,10,1042,5,7,1049
60,8,vid1a_q,0,12,1b,17,29
61,8,vid1a_q,11,1075,1b,17,1092
62,8,vid1b_q,0,29,1b,6,35
63,8,vid1b_q,11,1092,1b,6,1098
64,8,vid2_q,0,35,2b,11,46
65,8,vid2_q,11,1098,2a,11,1109
66,8,vid3_q,0,49,3a,15,64
67,8,vid3_q,11,1112,3b,15,1127
68,8,vid4_q,0,67,4b,16,83
69,8,vid4_q,11,1130,4a,16,1146
70,8,vid5_q,0,83,5,7,90
71,8,vid5_q,11,1146,5,7,1153
0,9,vid1a,1,112,1b,17,129
1,9,vid1a,2,207,1b,17,224
2,9,vid1a,3,303,1b,17,320
3,9,vid1a,4,399,1b,17,416
4,9,vid1a,5,495,1b,17,512
5,9,vid1a,6,592,1b,17,609
6,9,vid1a,7,688,1b,17,705
7,9,vid1a,8,784,1b,17,801
8,9,vid1a,9,880,1b,17,897
9,9,vid1a,10,977,1b,17,994
10,9,vid1b,1,128,1b,6,134
11,9,vid1b,2,224,1b,6,230
12,9,vid1b,3,320,1b,6,326
13,9,vid1b,4,416,1b,6,422
14,9,vid1b,5,512,1b,6,518
15,9,vid1b,6,608,1b,6,614
16,9,vid1b,7,704,1b,6,710
17,9,vid1b,8,801,1b,6,807
18,9,vid1b,9,897,1b,6,903
19,9,vid1b,10,993,1b,6,999
20,9,vid2,1,134,2a,11,145
21,9,vid2,2,230,2b,11,241
22,9,vid2,3,326,2a,11,337
23,9,vid2,4,422,2a,11,433
24,9,vid2,5,518,2b,11,529
25,9,vid2,6,614,2a,11,625
26,9,vid2,7,710,2b,11,721
27,9,vid2,8,807,2b,11,818
28,9,vid2,9,903,2a,11,914
29,9,vid2,10,999,2b,11,1010
30,9,vid3,1,146,3a,15,161
31,9,vid3,2,241,3b,15,256
32,9,vid3,3,337,3b,15,352
33,9,vid3,4,433,3b,15,448
34,9,vid3,5,529,3b,15,544
35,9,vid3,6,626,3a,15,641
36,9,vid3,7,722,3a,15,737
37,9,vid3,8,818,3a,15,833
38,9,vid3,9,914,3a,15,929
39,9,vid3,10,1011,3b,15,1026
40,9,vid4,1,161,4a,16,177
41,9,vid4,2,257,4b,16,273
42,9,vid4,3,353,4a,16,369
43,9,vid4,4,449,4a,16,465
44,9,vid4,5,544,4b,16,560
45,9,vid4,6,641,4a,16,657
46,9,vid4,7,737,4b,16,753
47,9,vid4,8,834,4b,16,850
48,9,vid4,9,929,4a,16,945
49,9,vid4,10,1026,4b,16,1042
50,9,vid5,1,177,5,7,184
51,9,vid5,2,273,5,7,280
52,9,vid5,3,369,5,7,376
53,9,vid5,4,465,5,7,472
54,9,vid5,5,560,5,7,567
55,9,vid5,6,657,5,7,664
56,9,vid5,7,753,5,7,760
57,9,vid5,8,850,5,7,857
58,9,vid5,9,945,5,7,952
59,9,vid5,10,1042,5,7,1049
60,9,vid1a_q,0,12,1b,17,29
61,9,vid1a_q,11,1075,1b,17,1092
62,9,vid1b_q,0,29,1b,6,35
63,9,vid1b_q,11,1092,1b,6,1098
64,9,vid2_q,0,35,2b,11,46
65,9,vid2_q,11,1098,2a,11,1109
66,9,vid3_q,0,49,3a,15,64
67,9,vid3_q,11,1112,3b,15,1127
68,9,vid4_q,0,67,4b,16,83
69,9,vid4_q,11,1130,4a,16,1146
70,9,vid5_q,0,83,5,7,90
71,9,vid5_q,11,1146,5,7,1153
0,10,vid1a,1,112,1b,17,129
1,10,vid1a,2,208,1b,17,225
2,10,vid1a,3,304,1b,17,321
3,10,vid1a,4,399,1b,17,416
4,10,vid1a,5,496,1b,17,513
5,10,vid1a,6,592,1b,17,609
6,10,vid1a,7,687,1b,17,704
7,10,vid1a,8,783,1b,17,800
8,10,vid1a,9,880,1b,17,897
9,10,vid1a,10,976,1b,17,993
10,10,vid1b,1,128,1b,6,134
11,10,vid1b,2,224,1b,6,230
12,10,vid1b,3,320,1b,6,326
13,10,vid1b,4,416,1b,6,422
14,10,vid1b,5,512,1b,6,518
15,10,vid1b,6,609,1b,6,615
16,10,vid1b,7,704,1b,6,710
17,10,vid1b,8,800,1b,6,806
18,10,vid1b,9,896,1b,6,902
19,10,vid1b,10,993,1b,6,999
20,10,vid2,1,134,2b,11,145
21,10,vid2,2,230,2a,11,241
22,10,vid2,3,326,2a,11,337
23,10,vid2,4,422,2b,11,433
24,10,vid2,5,518,2b,11,529
25,10,vid2,6,615,2b,11,626
26,10,vid2,7,710,2a,11,721
27,10,vid2,8,806,2b,11,817
28,10,vid2,9,902,2a,11,913
29,10,vid2,10,999,2a,11,1010
30,10,vid3,1,146,3b,15,161
31,10,vid3,2,242,3a,15,257
32,10,vid3,3,338,3b,15,353
33,10,vid3,4,434,3a,15,449
34,10,vid3,5,530,3b,15,545
35,10,vid3,6,626,3b,15,641
36,10,vid3,7,721,3b,15,736
37,10,vid3,8,817,3a,15,832
38,10,vid3,9,914,3a,15,929
39,10,vid3,10,1010,3a,15,1025
40,10,vid4,1,161,4b,16,177
41,10,vid4,2,257,4a,16,273
42,10,vid4,3,353,4a,16,369
43,10,vid4,4,449,4b,16,465
44,10,vid4,5,545,4b,16,561
45,10,vid4,6,641,4b,16,657
46,10,vid4,7,737,4a,16,753
47,10,vid4,8,833,4b,16,849
48,10,vid4,9,929,4a,16,945
49,10,vid4,10,1026,4a,16,1042
50,10,vid5,1,177,5,7,184
51,10,vid5,2,273,5,7,280
52,10,vid5,3,369,5,7,376
53,10,vid5,4,465,5,7,472
54,10,vid5,5,561,5,7,568
55,10,vid5,6,657,5,7,664
56,10,vid5,7,753,5,7,760
57,10,vid5,8,849,5,7,856
58,10,vid5,9,945,5,7,952
59,10,vid5,10,1042,5,7,1049
60,10,vid1a_q,0,12,1b,17,29
61,10,vid1a_q,11,1075,1b,17,1092
62,10,vid1b_q,0,29,1b,6,35
63,10,vid1b_q,11,1092,1b,6,1098
64,10,vid2_q,0,35,2b,11,46
65,10,vid2_q,11,1098,2a,11,1109
66,10,vid3_q,0,49,3a,15,64
67,10,vid3_q,11,1112,3b,15,1127
68,10,vid4_q,0,67,4b,16,83
69,10,vid4_q,11,1130,4a,16,1146
70,10,vid5_q,0,83,5,7,90
71,10,vid5_q,11,1146,5,7,1153
0,12,vid1a,1,111,1b,17,128
1,12,vid1a,2,207,1b,17,224
2,12,vid1a,3,303,1b,17,320
3,12,vid1a,4,400,1b,17,417
4,12,vid1a,5,496,1b,17,513
5,12,vid1a,6,592,1b,17,609
6,12,vid1a,7,689,1b,17,706
7,12,vid1a,8,785,1b,17,802
8,12,vid1a,9,881,1b,17,898
9,12,vid1a,10,978,1b,17,995
10,12,vid1b,1,128,1b,6,134
11,12,vid1b,2,224,1b,6,230
12,12,vid1b,3,320,1b,6,326
13,12,vid1b,4,416,1b,6,422
14,12,vid1b,5,513,1b,6,519
15,12,vid1b,6,609,1b,6,615
16,12,vid1b,7,705,1b,6,711
17,12,vid1b,8,802,1b,6,808
18,12,vid1b,9,898,1b,6,904
19,12,vid1b,10,995,1b,6,1001
20,12,vid2,1,134,2a,11,145
21,12,vid2,2,230,2a,11,241
22,12,vid2,3,326,2a,11,337
23,12,vid2,4,422,2b,11,433
24,12,vid2,5,519,2b,11,530
25,12,vid2,6,615,2a,11,626
26,12,vid2,7,711,2b,11,722
27,12,vid2,8,808,2a,11,819
28,12,vid2,9,904,2b,11,915
29,12,vid2,10,1001,2b,11,1012
30,12,vid3,1,145,3a,15,160
31,12,vid3,2,241,3a,15,256
32,12,vid3,3,337,3b,15,352
33,12,vid3,4,434,3a,15,449
34,12,vid3,5,530,3b,15,545
35,12,vid3,6,626,3a,15,641
36,12,vid3,7,723,3a,15,738
37,12,vid3,8,819,3b,15,834
38,12,vid3,9,915,3b,15,930
39,12,vid3,10,1012,3b,15,1027
40,12,vid4,1,161,4a,16,177
41,12,vid4,2,257,4a,16,273
42,12,vid4,3,353,4a,16,369
43,12,vid4,4,449,4b,16,465
44,12,vid4,5,545,4b,16,561
45,12,vid4,6,641,4a,16,657
46,12,vid4,7,738,4b,16,754
47,12,vid4,8,834,4a,16,850
48,12,vid4,9,930,4b,16,946
49,12,vid4,10,1027,4b,16,1043
50,12,vid5,1,177,5,7,184
51,12,vid5,2,273,5,7,280
52,12,vid5,3,369,5,7,376
53,12,vid5,4,465,5,7,472
54,12,vid5,5,561,5,7,568
55,12,vid5,6,657,5,7,664
56,12,vid5,7,754,5,7,761
57,12,vid5,8,850,5,7,857
58,12,vid5,9,946,5,7,953
59,12,vid5,10,1043,5,7,1050
60,12,vid1a_q,0,12,1b,17,29
61,12,vid1a_q,11,1076,1b,17,1093
62,12,vid1b_q,0,29,1b,6,35
63,12,vid1b_q,11,1093,1b,6,1099
64,12,vid2_q,0,35,2a,11,46
65,12,vid2_q,11,1099,2b,11,1110
66,12,vid3_q,0,49,3b,15,64
67,12,vid3_q,11,1113,3a,15,1128
68,12,vid4_q,0,67,4a,16,83
69,12,vid4_q,11,1131,4b,16,1147
70,12,vid5_q,0,83,5,7,90
71,12,vid5_q,11,1147,5,7,1154
0,13,vid1a,1,112,1b,17,129
1,13,vid1a,2,208,1b,17,225
2,13,vid1a,3,304,1b,17,321
3,13,vid1a,4,400,1b,17,417
4,13,vid1a,5,496,1b,17,513
5,13,vid1a,6,592,1b,17,609
6,13,vid1a,7,689,1b,17,706
7,13,vid1a,8,785,1b,17,802
8,13,vid1a,9,881,1b,17,898
9,13,vid1a,10,978,1b,17,995
10,13,vid1b,1,128,1b,6,134
11,13,vid1b,2,224,1b,6,230
12,13,vid1b,3,320,1b,6,326
13,13,vid1b,4,417,1b,6,423
14,13,vid1b,5,513,1b,6,519
15,13,vid1b,6,609,1b,6,615
16,13,vid1b,7,705,1b,6,711
17,13,vid1b,8,802,1b,6,808
18,13,vid1b,9,898,1b,6,904
19,13,vid1b,10,994,1b,6,1000
20,13,vid2,1,134,2a,11,145
21,13,vid2,2,230,2b,11,241
22,13,vid2,3,326,2a,11,337
23,13,vid2,4,423,2b,11,434
24,13,vid2,5,519,2a,11,530
25,13,vid2,6,615,2b,11,626
26,13,vid2,7,711,2a,11,722
27,13,vid2,8,808,2a,11,819
28,13,vid2,9,904,2b,11,915
29,13,vid2,10,1000,2a,11,1011
30,13,vid3,1,146,3a,15,161
31,13,vid3,2,242,3b,15,257
32,13,vid3,3,338,3b,15,353
33,13,vid3,4,434,3a,15,449
34,13,vid3,5,530,3a,15,545
35,13,vid3,6,626,3b,15,641
36,13,vid3,7,722,3b,15,737
37,13,vid3,8,819,3b,15,834
38,13,vid3,9,915,3b,15,930
39,13,vid3,10,1012,3a,15,1027
40,13,vid4,1,161,4a,16,177
41,13,vid4,2,257,4b,16,273
42,13,vid4,3,353,4a,16,369
43,13,vid4,4,449,4b,16,465
44,13,vid4,5,545,4a,16,561
45,13,vid4,6,641,4b,16,657
46,13,vid4,7,738,4a,16,754
47,13,vid4,8,834,4a,16,850
48,13,vid4,9,930,4b,16,946
49,13,vid4,10,1027,4a,16,1043
50,13,vid5,1,177,5,7,184
51,13,vid5,2,273,5,7,280
52,13,vid5,3,369,5,7,376
53,13,vid5,4,465,5,7,472
54,13,vid5,5,561,5,7,568
55,13,vid5,6,657,5,7,664
56,13,vid5,7,754,5,7,761
57,13,vid5,8,850,5,7,857
58,13,vid5,9,946,5,7,953
59,13,vid5,10,1043,5,7,1050
60,13,vid1a_q,0,12,1b,17,29
61,13,vid1a_q,11,1077,1b,17,1094
62,13,vid1b_q,0,29,1b,6,35
63,13,vid1b_q,11,1093,1b,6,1099
64,13,vid2_q,0,35,2b,11,46
65,13,vid2_q,11,1099,2b,11,1110
66,13,vid3_q,0,49,3a,15,64
67,13,vid3_q,11,1113,3a,15,1128
68,13,vid4_q,0,67,4b,16,83
69,13,vid4_q,11,1131,4b,16,1147
70,13,vid5_q,0,83,5,7,90
71,13,vid5_q,11,1147,5,7,1154
0,14,vid1a,1,112,1b,17,129
1,14,vid1a,2,208,1b,17,225
2,14,vid1a,3,304,1b,17,321
3,14,vid1a,4,399,1b,17,416
4,14,vid1a,5,495,1b,17,512
5,14,vid1a,6,591,1b,17,608
6,14,vid1a,7,687,1b,17,704
7,14,vid1a,8,784,1b,17,801
8,14,vid1a,9,880,1b,17,897
9,14,vid1a,10,976,1b,17,993
10,14,vid1b,1,129,1b,6,135
11,14,vid1b,2,225,1b,6,231
12,14,vid1b,3,321,1b,6,327
13,14,vid1b,4,416,1b,6,422
14,14,vid1b,5,512,1b,6,518
15,14,vid1b,6,608,1b,6,614
16,14,vid1b,7,704,1b,6,710
17,14,vid1b,8,801,1b,6,807
18,14,vid1b,9,897,1b,6,903
19,14,vid1b,10,993,1b,6,999
20,14,vid2,1,135,2b,11,146
21,14,vid2,2,231,2a,11,242
22,14,vid2,3,327,2b,11,338
23,14,vid2,4,422,2b,11,433
24,14,vid2,5,518,2a,11,529
25,14,vid2,6,614,2a,11,625
26,14,vid2,7,710,2a,11,721
27,14,vid2,8,807,2a,11,818
28,14,vid2,9,903,2b,11,914
29,14,vid2,10,999,2b,11,1010
30,14,vid3,1,146,3b,15,161
31,14,vid3,2,242,3a,15,257
32,14,vid3,3,338,3a,15,353
33,14,vid3,4,433,3a,15,448
34,14,vid3,5,529,3a,15,544
35,14,vid3,6,625,3a,15,640
36,14,vid3,7,721,3b,15,736
37,14,vid3,8,818,3b,15,833
38,14,vid3,9,914,3b,15,929
39,14,vid3,10,1010,3b,15,1025
40,14,vid4,1,161,4b,16,177
41,14,vid4,2,257,4a,16,273
42,14,vid4,3,353,4b,16,369
43,14,vid4,4,449,4b,16,465
44,14,vid4,5,545,4a,16,561
45,14,vid4,6,641,4a,16,657
46,14,vid4,7,737,4a,16,753
47,14,vid4,8,833,4a,16,849
48,14,vid4,9,930,4b,16,946
49,14,vid4,10,1026,4b,16,1042
50,14,vid5,1,177,5,7,184
51,14,vid5,2,273,5,7,280
52,14,vid5,3,369,5,7,376
53,14,vid5,4,465,5,7,472
54,14,vid5,5,561,5,7,568
55,14,vid5,6,657,5,7,664
56,14,vid5,7,753,5,7,760
57,14,vid5,8,849,5,7,856
58,14,vid5,9,946,5,7,953
59,14,vid5,10,1042,5,7,1049
60,14,vid1a_q,0,13,1b,17,30
61,14,vid1a_q,11,1075,1b,17,1092
62,14,vid1b_q,0,29,1b,6,35
63,14,vid1b_q,11,1092,1b,6,1098
64,14,vid2_q,0,35,2a,11,46
65,14,vid2_q,11,1098,2b,11,1109
66,14,vid3_q,0,49,3b,15,64
67,14,vid3_q,11,1112,3a,15,1127
68,14,vid4_q,0,67,4a,16,83
69,14,vid4_q,11,1130,4b,16,1146
70,14,vid5_q,0,83,5,7,90
71,14,vid5_q,11,1146,5,7,1153
0,15,vid1a,1,111,1b,17,128
1,15,vid1a,2,207,1b,17,224
2,15,vid1a,3,303,1b,17,320
3,15,vid1a,4,399,1b,17,416
4,15,vid1a,5,495,1b,17,512
5,15,vid1a,6,591,1b,17,608
6,15,vid1a,7,688,1b,17,705
7,15,vid1a,8,784,1b,17,801
8,15,vid1a,9,880,1b,17,897
9,15,vid1a,10,976,1b,17,993
10,15,vid1b,1,128,1b,6,134
11,15,vid1b,2,224,1b,6,230
12,15,vid1b,3,320,1b,6,326
13,15,vid1b,4,416,1b,6,422
14,15,vid1b,5,512,1b,6,518
15,15,vid1b,6,608,1b,6,614
16,15,vid1b,7,705,1b,6,711
17,15,vid1b,8,801,1b,6,807
18,15,vid1b,9,897,1b,6,903
19,15,vid1b,10,993,1b,6,999
20,15,vid2,1,134,2a,11,145
21,15,vid2,2,230,2b,11,241
22,15,vid2,3,326,2b,11,337
23,15,vid2,4,422,2a,11,433
24,15,vid2,5,518,2b,11,529
25,15,vid2,6,614,2a,11,625
26,15,vid2,7,711,2b,11,722
27,15,vid2,8,807,2a,11,818
28,15,vid2,9,903,2b,11,914
29,15,vid2,10,999,2a,11,1010
30,15,vid3,1,145,3a,15,160
31,15,vid3,2,241,3b,15,256
32,15,vid3,3,337,3a,15,352
33,15,vid3,4,433,3b,15,448
34,15,vid3,5,529,3b,15,544
35,15,vid3,6,625,3a,15,640
36,15,vid3,7,722,3a,15,737
37,15,vid3,8,818,3b,15,833
38,15,vid3,9,915,3b,15,930
39,15,vid3,10,1010,3a,15,1025
40,15,vid4,1,161,4a,16,177
41,15,vid4,2,256,4b,16,272
42,15,vid4,3,352,4b,16,368
43,15,vid4,4,449,4a,16,465
44,15,vid4,5,545,4b,16,561
45,15,vid4,6,641,4a,16,657
46,15,vid4,7,737,4b,16,753
47,15,vid4,8,834,4a,16,850
48,15,vid4,9,930,4b,16,946
49,15,vid4,10,1026,4a,16,1042
50,15,vid5,1,177,5,7,184
51,15,vid5,2,272,5,7,279
52,15,vid5,3,368,5,7,375
53,15,vid5,4,465,5,7,472
54,15,vid5,5,561,5,7,568
55,15,vid5,6,657,5,7,664
56,15,vid5,7,753,5,7,760
57,15,vid5,8,850,5,7,857
58,15,vid5,9,946,5,7,953
59,15,vid5,10,1042,5,7,1049
60,15,vid1a_q,0,12,1b,17,29
61,15,vid1a_q,11,1074,1b,17,1091
62,15,vid1b_q,0,29,1b,6,35
63,15,vid1b_q,11,1091,1b,6,1097
64,15,vid2_q,0,35,2a,11,46
65,15,vid2_q,11,1097,2b,11,1108
66,15,vid3_q,0,49,3b,15,64
67,15,vid3_q,11,1111,3a,15,1126
68,15,vid4_q,0,67,4a,16,83
69,15,vid4_q,11,1129,4b,16,1145
70,15,vid5_q,0,83,5,7,90
71,15,vid5_q,11,1145,5,7,1152
0,17,vid1a,1,111,1b,17,128
1,17,vid1a,2,207,1b,17,224
2,17,vid1a,3,303,1b,17,320
3,17,vid1a,4,398,1b,17,415
4,17,vid1a,5,494,1b,17,511
5,17,vid1a,6,590,1b,17,607
6,17,vid1a,7,687,1b,17,704
7,17,vid1a,8,783,1b,17,800
8,17,vid1a,9,879,1b,17,896
9,17,vid1a,10,975,1b,17,992
10,17,vid1b,1,128,1b,6,134
11,17,vid1b,2,224,1b,6,230
12,17,vid1b,3,320,1b,6,326
13,17,vid1b,4,415,1b,6,421
14,17,vid1b,5,511,1b,6,517
15,17,vid1b,6,607,1b,6,613
16,17,vid1b,7,703,1b,6,709
17,17,vid1b,8,799,1b,6,805
18,17,vid1b,9,896,1b,6,902
19,17,vid1b,10,992,1b,6,998
20,17,vid2,1,134,2b,11,145
21,17,vid2,2,230,2a,11,241
22,17,vid2,3,326,2a,11,337
23,17,vid2,4,421,2b,11,432
24,17,vid2,5,517,2b,11,528
25,17,vid2,6,613,2a,11,624
26,17,vid2,7,709,2a,11,720
27,17,vid2,8,805,2a,11,816
28,17,vid2,9,902,2b,11,913
29,17,vid2,10,998,2a,11,1009
30,17,vid3,1,145,3b,15,160
31,17,vid3,2,242,3a,15,257
32,17,vid3,3,337,3b,15,352
33,17,vid3,4,432,3a,15,447
34,17,vid3,5,529,3b,15,544
35,17,vid3,6,625,3a,15,640
36,17,vid3,7,721,3b,15,736
37,17,vid3,8,817,3b,15,832
38,17,vid3,9,913,3b,15,928
39,17,vid3,10,1010,3a,15,1025
40,17,vid4,1,161,4b,16,177
41,17,vid4,2,257,4a,16,273
42,17,vid4,3,352,4a,16,368
43,17,vid4,4,448,4b,16,464
44,17,vid4,5,544,4b,16,560
45,17,vid4,6,640,4a,16,656
46,17,vid4,7,736,4a,16,752
47,17,vid4,8,832,4a,16,848
48,17,vid4,9,929,4b,16,945
49,17,vid4,10,1025,4a,16,1041
50,17,vid5,1,177,5,7,184
51,17,vid5,2,273,5,7,280
52,17,vid5,3,368,5,7,375
53,17,vid5,4,464,5,7,471
54,17,vid5,5,560,5,7,567
55,17,vid5,6,656,5,7,663
56,17,vid5,7,752,5,7,759
57,17,vid5,8,848,5,7,855
58,17,vid5,9,945,5,7,952
59,17,vid5,10,1041,5,7,1048
60,17,vid1a_q,0,12,1b,17,29
61,17,vid1a_q,11,1074,1b,17,1091
62,17,vid1b_q,0,29,1b,6,35
63,17,vid1b_q,11,1091,1b,6,1097
64,17,vid2_q,0,35,2b,11,46
65,17,vid2_q,11,1097,2b,11,1108
66,17,vid3_q,0,49,3a,15,64
67,17,vid3_q,11,1111,3a,15,1126
68,17,vid4_q,0,67,4b,16,83
69,17,vid4_q,11,1129,4b,16,1145
70,17,vid5_q,0,83,5,7,90
71,17,vid5_q,11,1145,5,7,1152
0,18,vid1a,1,111,1b,17,128
1,18,vid1a,2,207,1b,17,224
2,18,vid1a,3,303,1b,17,320
3,18,vid1a,4,399,1b,17,416
4,18,vid1a,5,494,1b,17,511
5,18,vid1a,6,591,1b,17,608
6,18,vid1a,7,686,1b,17,703
7,18,vid1a,8,782,1b,17,799
8,18,vid1a,9,879,1b,17,896
9,18,vid1a,10,975,1b,17,992
10,18,vid1b,1,128,1b,6,134
11,18,vid1b,2,223,1b,6,229
12,18,vid1b,3,320,1b,6,326
13,18,vid1b,4,415,1b,6,421
14,18,vid1b,5,511,1b,6,517
15,18,vid1b,6,608,1b,6,614
16,18,vid1b,7,703,1b,6,709
17,18,vid1b,8,799,1b,6,805
18,18,vid1b,9,896,1b,6,902
19,18,vid1b,10,992,1b,6,998
20,18,vid2,1,134,2a,11,145
21,18,vid2,2,229,2b,11,240
22,18,vid2,3,326,2a,11,337
23,18,vid2,4,421,2a,11,432
24,18,vid2,5,517,2b,11,528
25,18,vid2,6,614,2a,11,625
26,18,vid2,7,709,2a,11,720
27,18,vid2,8,805,2b,11,816
28,18,vid2,9,902,2b,11,913
29,18,vid2,10,998,2a,11,1009
30,18,vid3,1,145,3a,15,160
31,18,vid3,2,241,3b,15,256
32,18,vid3,3,337,3b,15,352
33,18,vid3,4,433,3b,15,448
34,18,vid3,5,529,3b,15,544
35,18,vid3,6,625,3a,15,640
36,18,vid3,7,720,3b,15,735
37,18,vid3,8,817,3a,15,832
38,18,vid3,9,913,3b,15,928
39,18,vid3,10,1009,3a,15,1024
40,18,vid4,1,160,4a,16,176
41,18,vid4,2,256,4b,16,272
42,18,vid4,3,352,4a,16,368
43,18,vid4,4,448,4a,16,464
44,18,vid4,5,544,4b,16,560
45,18,vid4,6,640,4a,16,656
46,18,vid4,7,736,4a,16,752
47,18,vid4,8,832,4b,16,848
48,18,vid4,9,928,4b,16,944
49,18,vid4,10,1024,4a,16,1040
50,18,vid5,1,176,5,7,183
51,18,vid5,2,272,5,7,279
52,18,vid5,3,368,5,7,375
53,18,vid5,4,464,5,7,471
54,18,vid5,5,560,5,7,567
55,18,vid5,6,656,5,7,663
56,18,vid5,7,752,5,7,759
57,18,vid5,8,848,5,7,855
58,18,vid5,9,944,5,7,951
59,18,vid5,10,1040,5,7,1047
60,18,vid1a_q,0,12,1b,17,29
61,18,vid1a_q,11,1074,1b,17,1091
62,18,vid1b_q,0,29,1b,6,35
63,18,vid1b_q,11,1090,1b,6,1096
64,18,vid2_q,0,35,2b,11,46
65,18,vid2_q,11,1096,2b,11,1107
66,18,vid3_q,0,49,3a,15,64
67,18,vid3_q,11,1110,3a,15,1125
68,18,vid4_q,0,67,4b,16,83
69,18,vid4_q,11,1128,4b,16,1144
70,18,vid5_q,0,83,5,7,90
71,18,vid5_q,11,1144,5,7,1151
0,19,vid1a,1,111,1b,17,128
1,19,vid1a,2,207,1b,17,224
2,19,vid1a,3,303,1b,17,320
3,19,vid1a,4,399,1b,17,416
4,19,vid1a,5,495,1b,17,512
5,19,vid1a,6,591,1b,17,608
6,19,vid1a,7,687,1b,17,704
7,19,vid1a,8,783,1b,17,800
8,19,vid1a,9,880,1b,17,897
9,19,vid1a,10,976,1b,17,993
10,19,vid1b,1,128,1b,6,134
11,19,vid1b,2,224,1b,6,230
12,19,vid1b,3,320,1b,6,326
13,19,vid1b,4,416,1b,6,422
14,19,vid1b,5,512,1b,6,518
15,19,vid1b,6,607,1b,6,613
16,19,vid1b,7,704,1b,6,710
17,19,vid1b,8,800,1b,6,806
18,19,vid1b,9,896,1b,6,902
19,19,vid1b,10,993,1b,6,999
20,19,vid2,1,134,2b,11,145
21,19,vid2,2,230,2b,11,241
22,19,vid2,3,326,2a,11,337
23,19,vid2,4,422,2b,11,433
24,19,vid2,5,518,2a,11,529
25,19,vid2,6,613,2a,11,624
26,19,vid2,7,710,2a,11,721
27,19,vid2,8,806,2b,11,817
28,19,vid2,9,902,2b,11,913
29,19,vid2,10,999,2a,11,1010
30,19,vid3,1,145,3b,15,160
31,19,vid3,2,241,3b,15,256
32,19,vid3,3,337,3b,15,352
33,19,vid3,4,433,3a,15,448
34,19,vid3,5,529,3a,15,544
35,19,vid3,6,625,3a,15,640
36,19,vid3,7,721,3b,15,736
37,19,vid3,8,817,3a,15,832
38,19,vid3,9,914,3b,15,929
39,19,vid3,10,1010,3a,15,1025
40,19,vid4,1,160,4b,16,176
41,19,vid4,2,256,4b,16,272
42,19,vid4,3,352,4a,16,368
43,19,vid4,4,448,4b,16,464
44,19,vid4,5,544,4a,16,560
45,19,vid4,6,640,4a,16,656
46,19,vid4,7,736,4a,16,752
47,19,vid4,8,832,4b,16,848
48,19,vid4,9,929,4b,16,945
49,19,vid4,10,1025,4a,16,1041
50,19,vid5,1,176,5,7,183
51,19,vid5,2,272,5,7,279
52,19,vid5,3,368,5,7,375
53,19,vid5,4,464,5,7,471
54,19,vid5,5,560,5,7,567
55,19,vid5,6,656,5,7,663
56,19,vid5,7,752,5,7,759
57,19,vid5,8,848,5,7,855
58,19,vid5,9,945,5,7,952
59,19,vid5,10,1041,5,7,1048
60,19,vid1a_q,0,12,1b,17,29
61,19,vid1a_q,11,1075,1b,17,1092
62,19,vid1b_q,0,29,1b,6,35
63,19,vid1b_q,11,1091,1b,6,1097
64,19,vid2_q,0,35,2b,11,46
65,19,vid2_q,11,1097,2a,11,1108
66,19,vid3_q,0,49,3a,15,64
67,19,vid3_q,11,1111,3b,15,1126
68,19,vid4_q,0,67,4b,16,83
69,19,vid4_q,11,1129,4a,16,1145
70,19,vid5_q,0,83,5,7,90
71,19,vid5_q,11,1145,5,7,1152
0,22,vid1a,1,111,1b,17,128
1,22,vid1a,2,207,1b,17,224
2,22,vid1a,3,303,1b,17,320
3,22,vid1a,4,398,1b,17,415
4,22,vid1a,5,494,1b,17,511
5,22,vid1a,6,591,1b,17,608
6,22,vid1a,7,687,1b,17,704
7,22,vid1a,8,783,1b,17,800
8,22,vid1a,9,879,1b,17,896
9,22,vid1a,10,976,1b,17,993
10,22,vid1b,1,128,1b,6,134
11,22,vid1b,2,224,1b,6,230
12,22,vid1b,3,320,1b,6,326
13,22,vid1b,4,415,1b,6,421
14,22,vid1b,5,511,1b,6,517
15,22,vid1b,6,607,1b,6,613
16,22,vid1b,7,704,1b,6,710
17,22,vid1b,8,799,1b,6,805
18,22,vid1b,9,896,1b,6,902
19,22,vid1b,10,992,1b,6,998
20,22,vid2,1,134,2a,11,145
21,22,vid2,2,230,2b,11,241
22,22,vid2,3,326,2a,11,337
23,22,vid2,4,421,2a,11,432
24,22,vid2,5,517,2a,11,528
25,22,vid2,6,613,2b,11,624
26,22,vid2,7,710,2b,11,721
27,22,vid2,8,805,2a,11,816
28,22,vid2,9,902,2b,11,913
29,22,vid2,10,998,2a,11,1009
30,22,vid3,1,146,3a,15,161
31,22,vid3,2,241,3b,15,256
32,22,vid3,3,337,3b,15,352
33,22,vid3,4,432,3b,15,447
34,22,vid3,5,528,3a,15,543
35,22,vid3,6,625,3b,15,640
36,22,vid3,7,721,3a,15,736
37,22,vid3,8,817,3b,15,832
38,22,vid3,9,913,3b,15,928
39,22,vid3,10,1010,3a,15,1025
40,22,vid4,1,161,4a,16,177
41,22,vid4,2,257,4b,16,273
42,22,vid4,3,353,4a,16,369
43,22,vid4,4,448,4a,16,464
44,22,vid4,5,544,4a,16,560
45,22,vid4,6,640,4b,16,656
46,22,vid4,7,736,4b,16,752
47,22,vid4,8,832,4a,16,848
48,22,vid4,9,929,4b,16,945
49,22,vid4,10,1025,4a,16,1041
50,22,vid5,1,177,5,7,184
51,22,vid5,2,273,5,7,280
52,22,vid5,3,369,5,7,376
53,22,vid5,4,464,5,7,471
54,22,vid5,5,560,5,7,567
55,22,vid5,6,656,5,7,663
56,22,vid5,7,752,5,7,759
57,22,vid5,8,848,5,7,855
58,22,vid5,9,945,5,7,952
59,22,vid5,10,1041,5,7,1048
60,22,vid1a_q,0,12,1b,17,29
61,22,vid1a_q,11,1074,1b,17,1091
62,22,vid1b_q,0,29,1b,6,35
63,22,vid1b_q,11,1091,1b,6,1097
64,22,vid2_q,0,35,2b,11,46
65,22,vid2_q,11,1097,2b,11,1108
66,22,vid3_q,0,49,3a,15,64
67,22,vid3_q,11,1111,3a,15,1126
68,22,vid4_q,0,67,4b,16,83
69,22,vid4_q,11,1129,4b,16,1145
70,22,vid5_q,0,83,5,7,90
71,22,vid5_q,11,1145,5,7,1152
0,23,vid1a,1,112,1b,17,129
1,23,vid1a,2,208,1b,17,225
2,23,vid1a,3,304,1b,17,321
3,23,vid1a,4,400,1b,17,417
4,23,vid1a,5,496,1b,17,513
5,23,vid1a,6,592,1b,17,609
6,23,vid1a,7,688,1b,17,705
7,23,vid1a,8,784,1b,17,801
8,23,vid1a,9,881,1b,17,898
9,23,vid1a,10,977,1b,17,994
10,23,vid1b,1,128,1b,6,134
11,23,vid1b,2,224,1b,6,230
12,23,vid1b,3,320,1b,6,326
13,23,vid1b,4,416,1b,6,422
14,23,vid1b,5,512,1b,6,518
15,23,vid1b,6,608,1b,6,614
16,23,vid1b,7,705,1b,6,711
17,23,vid1b,8,801,1b,6,807
18,23,vid1b,9,898,1b,6,904
19,23,vid1b,10,994,1b,6,1000
20,23,vid2,1,134,2a,11,145
21,23,vid2,2,230,2a,11,241
22,23,vid2,3,326,2a,11,337
23,23,vid2,4,422,2b,11,433
24,23,vid2,5,518,2b,11,529
25,23,vid2,6,614,2b,11,625
26,23,vid2,7,711,2a,11,722
27,23,vid2,8,807,2b,11,818
28,23,vid2,9,904,2a,11,915
29,23,vid2,10,1000,2b,11,1011
30,23,vid3,1,146,3a,15,161
31,23,vid3,2,242,3a,15,257
32,23,vid3,3,338,3b,15,353
33,23,vid3,4,434,3a,15,449
34,23,vid3,5,530,3b,15,545
35,23,vid3,6,626,3b,15,641
36,23,vid3,7,722,3b,15,737
37,23,vid3,8,818,3a,15,833
38,23,vid3,9,915,3a,15,930
39,23,vid3,10,1011,3b,15,1026
40,23,vid4,1,161,4a,16,177
41,23,vid4,2,257,4a,16,273
42,23,vid4,3,353,4a,16,369
43,23,vid4,4,449,4b,16,465
44,23,vid4,5,545,4b,16,561
45,23,vid4,6,641,4b,16,657
46,23,vid4,7,738,4a,16,754
47,23,vid4,8,834,4b,16,850
48,23,vid4,9,930,4a,16,946
49,23,vid4,10,1027,4b,16,1043
50,23,vid5,1,177,5,7,184
51,23,vid5,2,273,5,7,280
52,23,vid5,3,369,5,7,376
53,23,vid5,4,465,5,7,472
54,23,vid5,5,561,5,7,568
55,23,vid5,6,657,5,7,664
56,23,vid5,7,754,5,7,761
57,23,vid5,8,850,5,7,857
58,23,vid5,9,946,5,7,953
59,23,vid5,10,1043,5,7,1050
60,23,vid1a_q,0,12,1b,17,29
61,23,vid1a_q,11,1075,1b,17,1092
62,23,vid1b_q,0,29,1b,6,35
63,23,vid1b_q,11,1092,1b,6,1098
64,23,vid2_q,0,35,2a,11,46
65,23,vid2_q,11,1098,2b,11,1109
66,23,vid3_q,0,49,3b,15,64
67,23,vid3_q,11,1112,3a,15,1127
68,23,vid4_q,0,67,4a,16,83
69,23,vid4_q,11,1130,4b,16,1146
70,23,vid5_q,0,83,5,7,90
71,23,vid5_q,11,1146,5,7,1153
0,24,vid1a,1,112,1b,17,129
1,24,vid1a,2,207,1b,17,224
2,24,vid1a,3,303,1b,17,320
3,24,vid1a,4,398,1b,17,415
4,24,vid1a,5,494,1b,17,511
5,24,vid1a,6,591,1b,17,608
6,24,vid1a,7,687,1b,17,704
7,24,vid1a,8,783,1b,17,800
8,24,vid1a,9,879,1b,17,896
9,24,vid1a,10,976,1b,17,993
10,24,vid1b,1,128,1b,6,134
11,24,vid1b,2,224,1b,6,230
12,24,vid1b,3,319,1b,6,325
13,24,vid1b,4,415,1b,6,421
14,24,vid1b,5,511,1b,6,517
15,24,vid1b,6,608,1b,6,614
16,24,vid1b,7,704,1b,6,710
17,24,vid1b,8,800,1b,6,806
18,24,vid1b,9,896,1b,6,902
19,24,vid1b,10,993,1b,6,999
20,24,vid2,1,134,2b,11,145
21,24,vid2,2,230,2a,11,241
22,24,vid2,3,325,2a,11,336
23,24,vid2,4,421,2a,11,432
24,24,vid2,5,517,2a,11,528
25,24,vid2,6,614,2b,11,625
26,24,vid2,7,710,2b,11,721
27,24,vid2,8,806,2b,11,817
28,24,vid2,9,902,2a,11,913
29,24,vid2,10,999,2b,11,1010
30,24,vid3,1,146,3b,15,161
31,24,vid3,2,241,3a,15,256
32,24,vid3,3,337,3b,15,352
33,24,vid3,4,433,3b,15,448
34,24,vid3,5,529,3a,15,544
35,24,vid3,6,625,3b,15,640
36,24,vid3,7,721,3a,15,736
37,24,vid3,8,817,3a,15,832
38,24,vid3,9,914,3a,15,929
39,24,vid3,10,1010,3b,15,1025
40,24,vid4,1,161,4b,16,177
41,24,vid4,2,256,4a,16,272
42,24,vid4,3,352,4a,16,368
43,24,vid4,4,448,4a,16,464
44,24,vid4,5,544,4a,16,560
45,24,vid4,6,640,4b,16,656
46,24,vid4,7,736,4b,16,752
47,24,vid4,8,833,4b,16,849
48,24,vid4,9,929,4a,16,945
49,24,vid4,10,1025,4b,16,1041
50,24,vid5,1,177,5,7,184
51,24,vid5,2,272,5,7,279
52,24,vid5,3,368,5,7,375
53,24,vid5,4,464,5,7,471
54,24,vid5,5,560,5,7,567
55,24,vid5,6,656,5,7,663
56,24,vid5,7,752,5,7,759
57,24,vid5,8,849,5,7,856
58,24,vid5,9,945,5,7,952
59,24,vid5,10,1041,5,7,1048
60,24,vid1a_q,0,13,1b,17,30
61,24,vid1a_q,11,1074,1b,17,1091
62,24,vid1b_q,0,29,1b,6,35
63,24,vid1b_q,11,1091,1b,6,1097
64,24,vid2_q,0,35,2a,11,46
65,24,vid2_q,11,1097,2b,11,1108
66,24,vid3_q,0,49,3b,15,64
67,24,vid3_q,11,1111,3a,15,1126
68,24,vid4_q,0,67,4a,16,83
69,24,vid4_q,11,1129,4b,16,1145
70,24,vid5_q,0,83,5,7,90
71,24,vid5_q,11,1145,5,7,1152
0,25,vid1a,1,111,1b,17,128
1,25,vid1a,2,207,1b,17,224
2,25,vid1a,3,303,1b,17,320
3,25,vid1a,4,399,1b,17,416
4,25,vid1a,5,495,1b,17,512
5,25,vid1a,6,591,1b,17,608
6,25,vid1a,7,687,1b,17,704
7,25,vid1a,8,783,1b,17,800
8,25,vid1a,9,880,1b,17,897
9,25,vid1a,10,976,1b,17,993
10,25,vid1b,1,127,1b,6,133
11,25,vid1b,2,224,1b,6,230
12,25,vid1b,3,320,1b,6,326
13,25,vid1b,4,415,1b,6,421
14,25,vid1b,5,511,1b,6,517
15,25,vid1b,6,608,1b,6,614
16,25,vid1b,7,704,1b,6,710
17,25,vid1b,8,800,1b,6,806
18,25,vid1b,9,896,1b,6,902
19,25,vid1b,10,993,1b,6,999
20,25,vid2,1,133,2a,11,144
21,25,vid2,2,230,2b,11,241
22,25,vid2,3,326,2b,11,337
23,25,vid2,4,421,2a,11,432
24,25,vid2,5,517,2a,11,528
25,25,vid2,6,614,2b,11,625
26,25,vid2,7,710,2b,11,721
27,25,vid2,8,806,2a,11,817
28,25,vid2,9,902,2b,11,913
29,25,vid2,10,999,2a,11,1010
30,25,vid3,1,145,3a,15,160
31,25,vid3,2,241,3b,15,256
32,25,vid3,3,337,3a,15,352
33,25,vid3,4,433,3b,15,448
34,25,vid3,5,529,3a,15,544
35,25,vid3,6,625,3b,15,640
36,25,vid3,7,721,3a,15,736
37,25,vid3,8,817,3b,15,832
38,25,vid3,9,914,3b,15,929
39,25,vid3,10,1010,3a,15,1025
40,25,vid4,1,160,4a,16,176
41,25,vid4,2,256,4b,16,272
42,25,vid4,3,352,4b,16,368
43,25,vid4,4,448,4a,16,464
44,25,vid4,5,544,4a,16,560
45,25,vid4,6,640,4b,16,656
46,25,vid4,7,736,4b,16,752
47,25,vid4,8,832,4a,16,848
48,25,vid4,9,929,4b,16,945
49,25,vid4,10,1025,4a,16,1041
50,25,vid5,1,176,5,7,183
51,25,vid5,2,272,5,7,279
52,25,vid5,3,368,5,7,375
53,25,vid5,4,464,5,7,471
54,25,vid5,5,560,5,7,567
55,25,vid5,6,656,5,7,663
56,25,vid5,7,752,5,7,759
57,25,vid5,8,848,5,7,855
58,25,vid5,9,945,5,7,952
59,25,vid5,10,1041,5,7,1048
60,25,vid1a_q,0,12,1b,17,29
61,25,vid1a_q,11,1074,1b,17,1091
62,25,vid1b_q,0,29,1b,6,35
63,25,vid1b_q,11,1091,1b,6,1097
64,25,vid2_q,0,35,2a,11,46
65,25,vid2_q,11,1097,2b,11,1108
66,25,vid3_q,0,49,3b,15,64
67,25,vid3_q,11,1111,3a,15,1126
68,25,vid4_q,0,67,4a,16,83
69,25,vid4_q,11,1129,4b,16,1145
70,25,vid5_q,0,83,5,7,90
71,25,vid5_q,11,1145,5,7,1152
0,26,vid1a,1,112,1b,17,129
1,26,vid1a,2,208,1b,17,225
2,26,vid1a,3,303,1b,17,320
3,26,vid1a,4,399,1b,17,416
4,26,vid1a,5,495,1b,17,512
5,26,vid1a,6,592,1b,17,609
6,26,vid1a,7,688,1b,17,705
7,26,vid1a,8,784,1b,17,801
8,26,vid1a,9,881,1b,17,898
9,26,vid1a,10,977,1b,17,994
10,26,vid1b,1,129,1b,6,135
11,26,vid1b,2,224,1b,6,230
12,26,vid1b,3,320,1b,6,326
13,26,vid1b,4,415,1b,6,421
14,26,vid1b,5,512,1b,6,518
15,26,vid1b,6,608,1b,6,614
16,26,vid1b,7,704,1b,6,710
17,26,vid1b,8,801,1b,6,807
18,26,vid1b,9,897,1b,6,903
19,26,vid1b,10,994,1b,6,1000
20,26,vid2,1,135,2b,11,146
21,26,vid2,2,230,2a,11,241
22,26,vid2,3,326,2a,11,337
23,26,vid2,4,421,2b,11,432
24,26,vid2,5,518,2b,11,529
25,26,vid2,6,614,2a,11,625
26,26,vid2,7,710,2b,11,721
27,26,vid2,8,807,2a,11,818
28,26,vid2,9,903,2b,11,914
29,26,vid2,10,1000,2a,11,1011
30,26,vid3,1,146,3b,15,161
31,26,vid3,2,242,3a,15,257
32,26,vid3,3,337,3b,15,352
33,26,vid3,4,433,3a,15,448
34,26,vid3,5,529,3b,15,544
35,26,vid3,6,626,3a,15,641
36,26,vid3,7,722,3a,15,737
37,26,vid3,8,818,3b,15,833
38,26,vid3,9,915,3b,15,930
39,26,vid3,10,1011,3a,15,1026
40,26,vid4,1,161,4b,16,177
41,26,vid4,2,257,4a,16,273
42,26,vid4,3,352,4a,16,368
43,26,vid4,4,448,4b,16,464
44,26,vid4,5,544,4b,16,560
45,26,vid4,6,641,4a,16,657
46,26,vid4,7,737,4b,16,753
47,26,vid4,8,833,4a,16,849
48,26,vid4,9,930,4b,16,946
49,26,vid4,10,1026,4a,16,1042
50,26,vid5,1,177,5,7,184
51,26,vid5,2,273,5,7,280
52,26,vid5,3,368,5,7,375
53,26,vid5,4,464,5,7,471
54,26,vid5,5,560,5,7,567
55,26,vid5,6,657,5,7,664
56,26,vid5,7,753,5,7,760
57,26,vid5,8,849,5,7,856
58,26,vid5,9,946,5,7,953
59,26,vid5,10,1042,5,7,1049
60,26,vid1a_q,0,13,1b,17,30
61,26,vid1a_q,11,1076,1b,17,1093
62,26,vid1b_q,0,29,1b,6,35
63,26,vid1b_q,11,1092,1b,6,1098
64,26,vid2_q,0,35,2b,11,46
65,26,vid2_q,11,1098,2a,11,1109
66,26,vid3_q,0,49,3a,15,64
67,26,vid3_q,11,1112,3b,15,1127
68,26,vid4_q,0,67,4b,16,83
69,26,vid4_q,11,1130,4a,16,1146
70,26,vid5_q,0,83,5,7,90
71,26,vid5_q,11,1146,5,7,1153
0,27,vid1a,1,111,1b,17,128
1,27,vid1a,2,207,1b,17,224
2,27,vid1a,3,303,1b,17,320
3,27,vid1a,4,399,1b,17,416
4,27,vid1a,5,494,1b,17,511
5,27,vid1a,6,590,1b,17,607
6,27,vid1a,7,687,1b,17,704
7,27,vid1a,8,783,1b,17,800
8,27,vid1a,9,879,1b,17,896
9,27,vid1a,10,976,1b,17,993
10,27,vid1b,1,128,1b,6,134
11,27,vid1b,2,224,1b,6,230
12,27,vid1b,3,319,1b,6,325
13,27,vid1b,4,416,1b,6,422
14,27,vid1b,5,511,1b,6,517
15,27,vid1b,6,607,1b,6,613
16,27,vid1b,7,703,1b,6,709
17,27,vid1b,8,800,1b,6,806
18,27,vid1b,9,896,1b,6,902
19,27,vid1b,10,993,1b,6,999
20,27,vid2,1,134,2b,11,145
21,27,vid2,2,230,2a,11,241
22,27,vid2,3,325,2b,11,336
23,27,vid2,4,422,2a,11,433
24,27,vid2,5,517,2b,11,528
25,27,vid2,6,613,2b,11,624
26,27,vid2,7,709,2a,11,720
27,27,vid2,8,806,2b,11,817
28,27,vid2,9,902,2a,11,913
29,27,vid2,10,999,2a,11,1010
30,27,vid3,1,146,3b,15,161
31,27,vid3,2,241,3a,15,256
32,27,vid3,3,337,3a,15,352
33,27,vid3,4,433,3b,15,448
34,27,vid3,5,528,3b,15,543
35,27,vid3,6,624,3b,15,639
36,27,vid3,7,721,3b,15,736
37,27,vid3,8,817,3a,15,832
38,27,vid3,9,913,3a,15,928
39,27,vid3,10,1010,3a,15,1025
40,27,vid4,1,161,4b,16,177
41,27,vid4,2,256,4a,16,272
42,27,vid4,3,352,4b,16,368
43,27,vid4,4,448,4a,16,464
44,27,vid4,5,544,4b,16,560
45,27,vid4,6,640,4b,16,656
46,27,vid4,7,736,4a,16,752
47,27,vid4,8,832,4b,16,848
48,27,vid4,9,929,4a,16,945
49,27,vid4,10,1025,4a,16,1041
50,27,vid5,1,177,5,7,184
51,27,vid5,2,272,5,7,279
52,27,vid5,3,368,5,7,375
53,27,vid5,4,464,5,7,471
54,27,vid5,5,560,5,7,567
55,27,vid5,6,656,5,7,663
56,27,vid5,7,752,5,7,759
57,27,vid5,8,848,5,7,855
58,27,vid5,9,945,5,7,952
59,27,vid5,10,1041,5,7,1048
60,27,vid1a_q,0,12,1b,17,29
61,27,vid1a_q,11,1075,1b,17,1092
62,27,vid1b_q,0,29,1b,6,35
63,27,vid1b_q,11,1092,1b,6,1098
64,27,vid2_q,0,35,2a,11,46
65,27,vid2_q,11,1098,2b,11,1109
66,27,vid3_q,0,49,3b,15,64
67,27,vid3_q,11,1112,3a,15,1127
68,27,vid4_q,0,67,4a,16,83
69,27,vid4_q,11,1130,4b,16,1146
70,27,vid5_q,0,83,5,7,90
71,27,vid5_q,11,1146,5,7,1153
0,28,vid1a,1,111,1b,17,128
1,28,vid1a,2,207,1b,17,224
2,28,vid1a,3,303,1b,17,320
3,28,vid1a,4,399,1b,17,416
4,28,vid1a,5,495,1b,17,512
5,28,vid1a,6,592,1b,17,609
6,28,vid1a,7,688,1b,17,705
7,28,vid1a,8,784,1b,17,801
8,28,vid1a,9,880,1b,17,897
9,28,vid1a,10,976,1b,17,993
10,28,vid1b,1,128,1b,6,134
11,28,vid1b,2,224,1b,6,230
12,28,vid1b,3,320,1b,6,326
13,28,vid1b,4,416,1b,6,422
14,28,vid1b,5,512,1b,6,518
15,28,vid1b,6,608,1b,6,614
16,28,vid1b,7,704,1b,6,710
17,28,vid1b,8,801,1b,6,807
18,28,vid1b,9,897,1b,6,903
19,28,vid1b,10,993,1b,6,999
20,28,vid2,1,134,2a,11,145
21,28,vid2,2,230,2b,11,241
22,28,vid2,3,326,2b,11,337
23,28,vid2,4,422,2a,11,433
24,28,vid2,5,518,2a,11,529
25,28,vid2,6,614,2a,11,625
26,28,vid2,7,710,2a,11,721
27,28,vid2,8,807,2b,11,818
28,28,vid2,9,903,2b,11,914
29,28,vid2,10,999,2b,11,1010
30,28,vid3,1,145,3a,15,160
31,28,vid3,2,241,3b,15,256
32,28,vid3,3,337,3a,15,352
33,28,vid3,4,433,3b,15,448
34,28,vid3,5,529,3a,15,544
35,28,vid3,6,626,3a,15,641
36,28,vid3,7,722,3b,15,737
37,28,vid3,8,818,3a,15,833
38,28,vid3,9,914,3b,15,929
39,28,vid3,10,1010,3b,15,1025
40,28,vid4,1,161,4a,16,177
41,28,vid4,2,257,4b,16,273
42,28,vid4,3,353,4b,16,369
43,28,vid4,4,449,4a,16,465
44,28,vid4,5,545,4a,16,561
45,28,vid4,6,641,4a,16,657
46,28,vid4,7,737,4a,16,753
47,28,vid4,8,833,4b,16,849
48,28,vid4,9,930,4b,16,946
49,28,vid4,10,1025,4b,16,1041
50,28,vid5,1,177,5,7,184
51,28,vid5,2,273,5,7,280
52,28,vid5,3,369,5,7,376
53,28,vid5,4,465,5,7,472
54,28,vid5,5,561,5,7,568
55,28,vid5,6,657,5,7,664
56,28,vid5,7,753,5,7,760
57,28,vid5,8,849,5,7,856
58,28,vid5,9,946,5,7,953
59,28,vid5,10,1041,5,7,1048
60,28,vid1a_q,0,12,1b,17,29
61,28,vid1a_q,11,1075,1b,17,1092
62,28,vid1b_q,0,29,1b,6,35
63,28,vid1b_q,11,1092,1b,6,1098
64,28,vid2_q,0,35,2b,11,46
65,28,vid2_q,11,1098,2a,11,1109
66,28,vid3_q,0,49,3a,15,64
67,28,vid3_q,11,1112,3b,15,1127
68,28,vid4_q,0,67,4b,16,83
69,28,vid4_q,11,1130,4a,16,1146
70,28,vid5_q,0,83,5,7,90
71,28,vid5_q,11,1146,5,7,1153
0,29,vid1a,1,111,1b,17,128
1,29,vid1a,2,207,1b,17,224
2,29,vid1a,3,303,1b,17,320
3,29,vid1a,4,399,1b,17,416
4,29,vid1a,5,495,1b,17,512
5,29,vid1a,6,592,1b,17,609
6,29,vid1a,7,688,1b,17,705
7,29,vid1a,8,784,1b,17,801
8,29,vid1a,9,880,1b,17,897
9,29,vid1a,10,976,1b,17,993
10,29,vid1b,1,128,1b,6,134
11,29,vid1b,2,224,1b,6,230
12,29,vid1b,3,320,1b,6,326
13,29,vid1b,4,416,1b,6,422
14,29,vid1b,5,512,1b,6,518
15,29,vid1b,6,608,1b,6,614
16,29,vid1b,7,705,1b,6,711
17,29,vid1b,8,800,1b,6,806
18,29,vid1b,9,897,1b,6,903
19,29,vid1b,10,993,1b,6,999
20,29,vid2,1,134,2a,11,145
21,29,vid2,2,230,2b,11,241
22,29,vid2,3,326,2b,11,337
23,29,vid2,4,422,2a,11,433
24,29,vid2,5,518,2a,11,529
25,29,vid2,6,614,2a,11,625
26,29,vid2,7,711,2b,11,722
27,29,vid2,8,806,2a,11,817
28,29,vid2,9,903,2b,11,914
29,29,vid2,10,999,2b,11,1010
30,29,vid3,1,145,3a,15,160
31,29,vid3,2,241,3b,15,256
32,29,vid3,3,337,3a,15,352
33,29,vid3,4,433,3b,15,448
34,29,vid3,5,530,3a,15,545
35,29,vid3,6,626,3a,15,641
36,29,vid3,7,722,3a,15,737
37,29,vid3,8,818,3b,15,833
38,29,vid3,9,914,3b,15,929
39,29,vid3,10,1010,3b,15,1025
40,29,vid4,1,161,4a,16,177
41,29,vid4,2,256,4b,16,272
42,29,vid4,3,353,4b,16,369
43,29,vid4,4,449,4a,16,465
44,29,vid4,5,545,4a,16,561
45,29,vid4,6,641,4a,16,657
46,29,vid4,7,738,4b,16,754
47,29,vid4,8,833,4a,16,849
48,29,vid4,9,929,4b,16,945
49,29,vid4,10,1026,4b,16,1042
50,29,vid5,1,177,5,7,184
51,29,vid5,2,272,5,7,279
52,29,vid5,3,369,5,7,376
53,29,vid5,4,465,5,7,472
54,29,vid5,5,561,5,7,568
55,29,vid5,6,657,5,7,664
56,29,vid5,7,754,5,7,761
57,29,vid5,8,849,5,7,856
58,29,vid5,9,945,5,7,952
59,29,vid5,10,1042,5,7,1049
60,29,vid1a_q,0,12,1b,17,29
61,29,vid1a_q,11,1075,1b,17,1092
62,29,vid1b_q,0,29,1b,6,35
63,29,vid1b_q,11,1092,1b,6,1098
64,29,vid2_q,0,35,2b,11,46
65,29,vid2_q,11,1098,2a,11,1109
66,29,vid3_q,0,49,3a,15,64
67,29,vid3_q,11,1112,3b,15,1127
68,29,vid4_q,0,67,4b,16,83
69,29,vid4_q,11,1130,4a,16,1146
70,29,vid5_q,0,83,5,7,90
71,29,vid5_q,11,1146,5,7,1153
0,30,vid1a,1,111,1b,17,128
1,30,vid1a,2,207,1b,17,224
2,30,vid1a,3,303,1b,17,320
3,30,vid1a,4,398,1b,17,415
4,30,vid1a,5,495,1b,17,512
5,30,vid1a,6,591,1b,17,608
6,30,vid1a,7,687,1b,17,704
7,30,vid1a,8,783,1b,17,800
8,30,vid1a,9,879,1b,17,896
9,30,vid1a,10,976,1b,17,993
10,30,vid1b,1,128,1b,6,134
11,30,vid1b,2,223,1b,6,229
12,30,vid1b,3,319,1b,6,325
13,30,vid1b,4,415,1b,6,421
14,30,vid1b,5,511,1b,6,517
15,30,vid1b,6,607,1b,6,613
16,30,vid1b,7,703,1b,6,709
17,30,vid1b,8,800,1b,6,806
18,30,vid1b,9,896,1b,6,902
19,30,vid1b,10,992,1b,6,998
20,30,vid2,1,134,2b,11,145
21,30,vid2,2,229,2b,11,240
22,30,vid2,3,325,2a,11,336
23,30,vid2,4,421,2b,11,432
24,30,vid2,5,517,2a,11,528
25,30,vid2,6,613,2a,11,624
26,30,vid2,7,709,2b,11,720
27,30,vid2,8,806,2a,11,817
28,30,vid2,9,902,2a,11,913
29,30,vid2,10,998,2b,11,1009
30,30,vid3,1,145,3b,15,160
31,30,vid3,2,241,3b,15,256
32,30,vid3,3,337,3b,15,352
33,30,vid3,4,432,3a,15,447
34,30,vid3,5,529,3a,15,544
35,30,vid3,6,625,3a,15,640
36,30,vid3,7,721,3a,15,736
37,30,vid3,8,817,3b,15,832
38,30,vid3,9,913,3a,15,928
39,30,vid3,10,1010,3b,15,1025
40,30,vid4,1,161,4b,16,177
41,30,vid4,2,256,4b,16,272
42,30,vid4,3,352,4a,16,368
43,30,vid4,4,448,4b,16,464
44,30,vid4,5,544,4a,16,560
45,30,vid4,6,640,4a,16,656
46,30,vid4,7,736,4b,16,752
47,30,vid4,8,832,4a,16,848
48,30,vid4,9,928,4a,16,944
49,30,vid4,10,1025,4b,16,1041
50,30,vid5,1,177,5,7,184
51,30,vid5,2,272,5,7,279
52,30,vid5,3,368,5,7,375
53,30,vid5,4,464,5,7,471
54,30,vid5,5,560,5,7,567
55,30,vid5,6,656,5,7,663
56,30,vid5,7,752,5,7,759
57,30,vid5,8,848,5,7,855
58,30,vid5,9,944,5,7,951
59,30,vid5,10,1041,5,7,1048
60,30,vid1a_q,0,12,1b,17,29
61,30,vid1a_q,11,1075,1b,17,1092
62,30,vid1b_q,0,29,1b,6,35
63,30,vid1b_q,11,1091,1b,6,1097
64,30,vid2_q,0,35,2a,11,46
65,30,vid2_q,11,1097,2b,11,1108
66,30,vid3_q,0,49,3b,15,64
67,30,vid3_q,11,1111,3a,15,1126
68,30,vid4_q,0,67,4a,16,83
69,30,vid4_q,11,1129,4b,16,1145
70,30,vid5_q,0,83,5,7,90
71,30,vid5_q,11,1145,5,7,1152
0,31,vid1a,1,111,1b,17,128
1,31,vid1a,2,207,1b,17,224
2,31,vid1a,3,303,1b,17,320
3,31,vid1a,4,399,1b,17,416
4,31,vid1a,5,495,1b,17,512
5,31,vid1a,6,591,1b,17,608
6,31,vid1a,7,687,1b,17,704
7,31,vid1a,8,783,1b,17,800
8,31,vid1a,9,879,1b,17,896
9,31,vid1a,10,976,1b,17,993
10,31,vid1b,1,128,1b,6,134
11,31,vid1b,2,224,1b,6,230
12,31,vid1b,3,320,1b,6,326
13,31,vid1b,4,416,1b,6,422
14,31,vid1b,5,512,1b,6,518
15,31,vid1b,6,608,1b,6,614
16,31,vid1b,7,704,1b,6,710
17,31,vid1b,8,800,1b,6,806
18,31,vid1b,9,896,1b,6,902
19,31,vid1b,10,993,1b,6,999
20,31,vid2,1,134,2b,11,145
21,31,vid2,2,230,2a,11,241
22,31,vid2,3,326,2a,11,337
23,31,vid2,4,422,2b,11,433
24,31,vid2,5,518,2b,11,529
25,31,vid2,6,614,2b,11,625
26,31,vid2,7,710,2a,11,721
27,31,vid2,8,806,2a,11,817
28,31,vid2,9,902,2a,11,913
29,31,vid2,10,999,2a,11,1010
30,31,vid3,1,145,3b,15,160
31,31,vid3,2,241,3a,15,256
32,31,vid3,3,337,3b,15,352
33,31,vid3,4,433,3a,15,448
34,31,vid3,5,529,3b,15,544
35,31,vid3,6,625,3b,15,640
36,31,vid3,7,721,3b,15,736
37,31,vid3,8,817,3b,15,832
38,31,vid3,9,913,3a,15,928
39,31,vid3,10,1010,3a,15,1025
40,31,vid4,1,161,4b,16,177
41,31,vid4,2,257,4a,16,273
42,31,vid4,3,352,4a,16,368
43,31,vid4,4,448,4b,16,464
44,31,vid4,5,544,4b,16,560
45,31,vid4,6,640,4b,16,656
46,31,vid4,7,737,4a,16,753
47,31,vid4,8,832,4a,16,848
48,31,vid4,9,929,4a,16,945
49,31,vid4,10,1025,4a,16,1041
50,31,vid5,1,177,5,7,184
51,31,vid5,2,273,5,7,280
52,31,vid5,3,368,5,7,375
53,31,vid5,4,464,5,7,471
54,31,vid5,5,560,5,7,567
55,31,vid5,6,656,5,7,663
56,31,vid5,7,753,5,7,760
57,31,vid5,8,848,5,7,855
58,31,vid5,9,945,5,7,952
59,31,vid5,10,1041,5,7,1048
60,31,vid1a_q,0,12,1b,17,29
61,31,vid1a_q,11,1075,1b,17,1092
62,31,vid1b_q,0,29,1b,6,35
63,31,vid1b_q,11,1091,1b,6,1097
64,31,vid2_q,0,35,2b,11,46
65,31,vid2_q,11,1097,2b,11,1108
66,31,vid3_q,0,49,3a,15,64
67,31,vid3_q,11,1111,3a,15,1126
68,31,vid4_q,0,67,4b,16,83
69,31,vid4_q,11,1129,4b,16,1145
70,31,vid5_q,0,83,5,7,90
71,31,vid5_q,11,1145,5,7,1152
0,32,vid1a,1,111,1b,17,128
1,32,vid1a,2,207,1b,17,224
2,32,vid1a,3,303,1b,17,320
3,32,vid1a,4,398,1b,17,415
4,32,vid1a,5,494,1b,17,511
5,32,vid1a,6,590,1b,17,607
6,32,vid1a,7,687,1b,17,704
7,32,vid1a,8,783,1b,17,800
8,32,vid1a,9,880,1b,17,897
9,32,vid1a,10,976,1b,17,993
10,32,vid1b,1,128,1b,6,134
11,32,vid1b,2,224,1b,6,230
12,32,vid1b,3,319,1b,6,325
13,32,vid1b,4,415,1b,6,421
14,32,vid1b,5,511,1b,6,517
15,32,vid1b,6,607,1b,6,613
16,32,vid1b,7,704,1b,6,710
17,32,vid1b,8,800,1b,6,806
18,32,vid1b,9,896,1b,6,902
19,32,vid1b,10,993,1b,6,999
20,32,vid2,1,134,2a,11,145
21,32,vid2,2,230,2a,11,241
22,32,vid2,3,325,2b,11,336
23,32,vid2,4,421,2b,11,432
24,32,vid2,5,517,2b,11,528
25,32,vid2,6,613,2a,11,624
26,32,vid2,7,710,2a,11,721
27,32,vid2,8,806,2a,11,817
28,32,vid2,9,902,2b,11,913
29,32,vid2,10,999,2b,11,1010
30,32,vid3,1,145,3a,15,160
31,32,vid3,2,241,3a,15,256
32,32,vid3,3,337,3a,15,352
33,32,vid3,4,432,3a,15,447
34,32,vid3,5,528,3b,15,543
35,32,vid3,6,624,3a,15,639
36,32,vid3,7,721,3b,15,736
37,32,vid3,8,817,3b,15,832
38,32,vid3,9,914,3b,15,929
39,32,vid3,10,1010,3b,15,1025
40,32,vid4,1,161,4a,16,177
41,32,vid4,2,256,4a,16,272
42,32,vid4,3,352,4b,16,368
43,32,vid4,4,447,4b,16,463
44,32,vid4,5,543,4b,16,559
45,32,vid4,6,640,4a,16,656
46,32,vid4,7,736,4a,16,752
47,32,vid4,8,833,4a,16,849
48,32,vid4,9,929,4b,16,945
49,32,vid4,10,1026,4b,16,1042
50,32,vid5,1,177,5,7,184
51,32,vid5,2,272,5,7,279
52,32,vid5,3,368,5,7,375
53,32,vid5,4,463,5,7,470
54,32,vid5,5,559,5,7,566
55,32,vid5,6,656,5,7,663
56,32,vid5,7,752,5,7,759
57,32,vid5,8,849,5,7,856
58,32,vid5,9,945,5,7,952
59,32,vid5,10,1042,5,7,1049
60,32,vid1a_q,0,12,1b,17,29
61,32,vid1a_q,11,1075,1b,17,1092
62,32,vid1b_q,0,29,1b,6,35
63,32,vid1b_q,11,1092,1b,6,1098
64,32,vid2_q,0,35,2a,11,46
65,32,vid2_q,11,1098,2b,11,1109
66,32,vid3_q,0,49,3b,15,64
67,32,vid3_q,11,1112,3a,15,1127
68,32,vid4_q,0,67,4a,16,83
69,32,vid4_q,11,1130,4b,16,1146
70,32,vid5_q,0,83,5,7,90
71,32,vid5_q,11,1146,5,7,1153
0,33,vid1a,1,112,1b,17,129
1,33,vid1a,2,207,1b,17,224
2,33,vid1a,3,304,1b,17,321
3,33,vid1a,4,400,1b,17,417
4,33,vid1a,5,496,1b,17,513
5,33,vid1a,6,591,1b,17,608
6,33,vid1a,7,687,1b,17,704
7,33,vid1a,8,784,1b,17,801
8,33,vid1a,9,880,1b,17,897
9,33,vid1a,10,976,1b,17,993
10,33,vid1b,1,128,1b,6,134
11,33,vid1b,2,224,1b,6,230
12,33,vid1b,3,320,1b,6,326
13,33,vid1b,4,416,1b,6,422
14,33,vid1b,5,512,1b,6,518
15,33,vid1b,6,608,1b,6,614
16,33,vid1b,7,704,1b,6,710
17,33,vid1b,8,800,1b,6,806
18,33,vid1b,9,897,1b,6,903
19,33,vid1b,10,993,1b,6,999
20,33,vid2,1,134,2a,11,145
21,33,vid2,2,230,2a,11,241
22,33,vid2,3,326,2a,11,337
23,33,vid2,4,422,2a,11,433
24,33,vid2,5,518,2b,11,529
25,33,vid2,6,614,2a,11,625
26,33,vid2,7,710,2a,11,721
27,33,vid2,8,806,2b,11,817
28,33,vid2,9,903,2b,11,914
29,33,vid2,10,999,2b,11,1010
30,33,vid3,1,146,3a,15,161
31,33,vid3,2,242,3a,15,257
32,33,vid3,3,338,3b,15,353
33,33,vid3,4,434,3b,15,449
34,33,vid3,5,530,3b,15,545
35,33,vid3,6,625,3a,15,640
36,33,vid3,7,721,3b,15,736
37,33,vid3,8,818,3a,15,833
38,33,vid3,9,914,3b,15,929
39,33,vid3,10,1010,3b,15,1025
40,33,vid4,1,161,4a,16,177
41,33,vid4,2,257,4a,16,273
42,33,vid4,3,353,4a,16,369
43,33,vid4,4,449,4a,16,465
44,33,vid4,5,545,4b,16,561
45,33,vid4,6,640,4a,16,656
46,33,vid4,7,737,4a,16,753
47,33,vid4,8,833,4b,16,849
48,33,vid4,9,929,4b,16,945
49,33,vid4,10,1026,4b,16,1042
50,33,vid5,1,177,5,7,184
51,33,vid5,2,273,5,7,280
52,33,vid5,3,369,5,7,376
53,33,vid5,4,465,5,7,472
54,33,vid5,5,561,5,7,568
55,33,vid5,6,656,5,7,663
56,33,vid5,7,753,5,7,760
57,33,vid5,8,849,5,7,856
58,33,vid5,9,945,5,7,952
59,33,vid5,10,1042,5,7,1049
60,33,vid1a_q,0,12,1b,17,29
61,33,vid1a_q,11,1075,1b,17,1092
62,33,vid1b_q,0,29,1b,6,35
63,33,vid1b_q,11,1091,1b,6,1097
64,33,vid2_q,0,35,2b,11,46
65,33,vid2_q,11,1097,2b,11,1108
66,33,vid3_q,0,49,3a,15,64
67,33,vid3_q,11,1111,3a,15,1126
68,33,vid4_q,0,67,4b,16,83
69,33,vid4_q,11,1129,4b,16,1145
70,33,vid5_q,0,83,5,7,90
71,33,vid5_q,11,1145,5,7,1152
0,34,vid1a,1,112,1b,17,129
1,34,vid1a,2,208,1b,17,225
2,34,vid1a,3,304,1b,17,321
3,34,vid1a,4,399,1b,17,416
4,34,vid1a,5,495,1b,17,512
5,34,vid1a,6,591,1b,17,608
6,34,vid1a,7,687,1b,17,704
7,34,vid1a,8,783,1b,17,800
8,34,vid1a,9,880,1b,17,897
9,34,vid1a,10,976,1b,17,993
10,34,vid1b,1,129,1b,6,135
11,34,vid1b,2,225,1b,6,231
12,34,vid1b,3,321,1b,6,327
13,34,vid1b,4,416,1b,6,422
14,34,vid1b,5,512,1b,6,518
15,34,vid1b,6,608,1b,6,614
16,34,vid1b,7,704,1b,6,710
17,34,vid1b,8,800,1b,6,806
18,34,vid1b,9,896,1b,6,902
19,34,vid1b,10,993,1b,6,999
20,34,vid2,1,135,2a,11,146
21,34,vid2,2,231,2b,11,242
22,34,vid2,3,327,2b,11,338
23,34,vid2,4,422,2a,11,433
24,34,vid2,5,518,2a,11,529
25,34,vid2,6,614,2b,11,625
26,34,vid2,7,710,2a,11,721
27,34,vid2,8,806,2b,11,817
28,34,vid2,9,902,2a,11,913
29,34,vid2,10,999,2b,11,1010
30,34,vid3,1,146,3a,15,161
31,34,vid3,2,242,3b,15,257
32,34,vid3,3,338,3a,15,353
33,34,vid3,4,433,3b,15,448
34,34,vid3,5,529,3a,15,544
35,34,vid3,6,625,3b,15,640
36,34,vid3,7,721,3b,15,736
37,34,vid3,8,818,3a,15,833
38,34,vid3,9,914,3a,15,929
39,34,vid3,10,1010,3b,15,1025
40,34,vid4,1,162,4a,16,178
41,34,vid4,2,258,4b,16,274
42,34,vid4,3,353,4b,16,369
43,34,vid4,4,449,4a,16,465
44,34,vid4,5,545,4a,16,561
45,34,vid4,6,641,4b,16,657
46,34,vid4,7,737,4a,16,753
47,34,vid4,8,833,4b,16,849
48,34,vid4,9,929,4a,16,945
49,34,vid4,10,1026,4b,16,1042
50,34,vid5,1,178,5,7,185
51,34,vid5,2,274,5,7,281
52,34,vid5,3,369,5,7,376
53,34,vid5,4,465,5,7,472
54,34,vid5,5,561,5,7,568
55,34,vid5,6,657,5,7,664
56,34,vid5,7,753,5,7,760
57,34,vid5,8,849,5,7,856
58,34,vid5,9,945,5,7,952
59,34,vid5,10,1042,5,7,1049
60,34,vid1a_q,0,13,1b,17,30
61,34,vid1a_q,11,1075,1b,17,1092
62,34,vid1b_q,0,29,1b,6,35
63,34,vid1b_q,11,1092,1b,6,1098
64,34,vid2_q,0,35,2a,11,46
65,34,vid2_q,11,1098,2b,11,1109
66,34,vid3_q,0,49,3b,15,64
67,34,vid3_q,11,1112,3a,15,1127
68,34,vid4_q,0,67,4a,16,83
69,34,vid4_q,11,1130,4b,16,1146
70,34,vid5_q,0,83,5,7,90
71,34,vid5_q,11,1146,5,7,1153
0,35,vid1a,1,111,1b,17,128
1,35,vid1a,2,208,1b,17,225
2,35,vid1a,3,303,1b,17,320
3,35,vid1a,4,399,1b,17,416
4,35,vid1a,5,496,1b,17,513
5,35,vid1a,6,592,1b,17,609
6,35,vid1a,7,688,1b,17,705
7,35,vid1a,8,785,1b,17,802
8,35,vid1a,9,881,1b,17,898
9,35,vid1a,10,978,1b,17,995
10,35,vid1b,1,128,1b,6,134
11,35,vid1b,2,224,1b,6,230
12,35,vid1b,3,320,1b,6,326
13,35,vid1b,4,416,1b,6,422
14,35,vid1b,5,512,1b,6,518
15,35,vid1b,6,609,1b,6,615
16,35,vid1b,7,705,1b,6,711
17,35,vid1b,8,801,1b,6,807
18,35,vid1b,9,898,1b,6,904
19,35,vid1b,10,994,1b,6,1000
20,35,vid2,1,134,2a,11,145
21,35,vid2,2,230,2b,11,241
22,35,vid2,3,326,2b,11,337
23,35,vid2,4,422,2a,11,433
24,35,vid2,5,518,2a,11,529
25,35,vid2,6,615,2a,11,626
26,35,vid2,7,711,2a,11,722
27,35,vid2,8,807,2b,11,818
28,35,vid2,9,904,2b,11,915
29,35,vid2,10,1000,2b,11,1011
30,35,vid3,1,145,3a,15,160
31,35,vid3,2,242,3b,15,257
32,35,vid3,3,337,3a,15,352
33,35,vid3,4,433,3b,15,448
34,35,vid3,5,530,3a,15,545
35,35,vid3,6,626,3a,15,641
36,35,vid3,7,722,3b,15,737
37,35,vid3,8,819,3a,15,834
38,35,vid3,9,915,3b,15,930
39,35,vid3,10,1012,3b,15,1027
40,35,vid4,1,161,4a,16,177
41,35,vid4,2,257,4b,16,273
42,35,vid4,3,353,4b,16,369
43,35,vid4,4,449,4a,16,465
44,35,vid4,5,545,4a,16,561
45,35,vid4,6,641,4a,16,657
46,35,vid4,7,737,4a,16,753
47,35,vid4,8,834,4b,16,850
48,35,vid4,9,930,4b,16,946
49,35,vid4,10,1027,4b,16,1043
50,35,vid5,1,177,5,7,184
51,35,vid5,2,273,5,7,280
52,35,vid5,3,369,5,7,376
53,35,vid5,4,465,5,7,472
54,35,vid5,5,561,5,7,568
55,35,vid5,6,657,5,7,664
56,35,vid5,7,753,5,7,760
57,35,vid5,8,850,5,7,857
58,35,vid5,9,946,5,7,953
59,35,vid5,10,1043,5,7,1050
60,35,vid1a_q,0,12,1b,17,29
61,35,vid1a_q,11,1076,1b,17,1093
62,35,vid1b_q,0,29,1b,6,35
63,35,vid1b_q,11,1093,1b,6,1099
64,35,vid2_q,0,35,2a,11,46
65,35,vid2_q,11,1099,2b,11,1110
66,35,vid3_q,0,49,3b,15,64
67,35,vid3_q,11,1113,3a,15,1128
68,35,vid4_q,0,67,4a,16,83
69,35,vid4_q,11,1131,4b,16,1147
70,35,vid5_q,0,83,5,7,90
71,35,vid5_q,11,1147,5,7,1154
0,36,vid1a,1,111,1b,17,128
1,36,vid1a,2,207,1b,17,224
2,36,vid1a,3,303,1b,17,320
3,36,vid1a,4,399,1b,17,416
4,36,vid1a,5,496,1b,17,513
5,36,vid1a,6,592,1b,17,609
6,36,vid1a,7,689,1b,17,706
7,36,vid1a,8,785,1b,17,802
8,36,vid1a,9,881,1b,17,898
9,36,vid1a,10,977,1b,17,994
10,36,vid1b,1,128,1b,6,134
11,36,vid1b,2,224,1b,6,230
12,36,vid1b,3,320,1b,6,326
13,36,vid1b,4,416,1b,6,422
14,36,vid1b,5,512,1b,6,518
15,36,vid1b,6,609,1b,6,615
16,36,vid1b,7,705,1b,6,711
17,36,vid1b,8,801,1b,6,807
18,36,vid1b,9,897,1b,6,903
19,36,vid1b,10,994,1b,6,1000
20,36,vid2,1,134,2b,11,145
21,36,vid2,2,230,2b,11,241
22,36,vid2,3,326,2a,11,337
23,36,vid2,4,422,2b,11,433
24,36,vid2,5,518,2b,11,529
25,36,vid2,6,615,2a,11,626
26,36,vid2,7,711,2a,11,722
27,36,vid2,8,807,2b,11,818
28,36,vid2,9,903,2a,11,914
29,36,vid2,10,1000,2a,11,1011
30,36,vid3,1,145,3b,15,160
31,36,vid3,2,241,3b,15,256
32,36,vid3,3,337,3b,15,352
33,36,vid3,4,433,3a,15,448
34,36,vid3,5,529,3b,15,544
35,36,vid3,6,626,3a,15,641
36,36,vid3,7,723,3b,15,738
37,36,vid3,8,819,3a,15,834
38,36,vid3,9,915,3a,15,930
39,36,vid3,10,1011,3a,15,1026
40,36,vid4,1,161,4b,16,177
41,36,vid4,2,257,4b,16,273
42,36,vid4,3,352,4a,16,368
43,36,vid4,4,448,4b,16,464
44,36,vid4,5,545,4b,16,561
45,36,vid4,6,641,4a,16,657
46,36,vid4,7,738,4a,16,754
47,36,vid4,8,834,4b,16,850
48,36,vid4,9,930,4a,16,946
49,36,vid4,10,1027,4a,16,1043
50,36,vid5,1,177,5,7,184
51,36,vid5,2,273,5,7,280
52,36,vid5,3,368,5,7,375
53,36,vid5,4,464,5,7,471
54,36,vid5,5,561,5,7,568
55,36,vid5,6,657,5,7,664
56,36,vid5,7,754,5,7,761
57,36,vid5,8,850,5,7,857
58,36,vid5,9,946,5,7,953
59,36,vid5,10,1043,5,7,1050
60,36,vid1a_q,0,12,1b,17,29
61,36,vid1a_q,11,1076,1b,17,1093
62,36,vid1b_q,0,29,1b,6,35
63,36,vid1b_q,11,1092,1b,6,1098
64,36,vid2_q,0,35,2b,11,46
65,36,vid2_q,11,1098,2a,11,1109
66,36,vid3_q,0,49,3a,15,64
67,36,vid3_q,11,1112,3b,15,1127
68,36,vid4_q,0,67,4b,16,83
69,36,vid4_q,11,1130,4a,16,1146
70,36,vid5_q,0,83,5,7,90
71,36,vid5_q,11,1146,5,7,1153
0,38,vid1a,1,112,1b,17,129
1,38,vid1a,2,207,1b,17,224
2,38,vid1a,3,303,1b,17,320
3,38,vid1a,4,399,1b,17,416
4,38,vid1a,5,495,1b,17,512
5,38,vid1a,6,592,1b,17,609
6,38,vid1a,7,688,1b,17,705
7,38,vid1a,8,784,1b,17,801
8,38,vid1a,9,880,1b,17,897
9,38,vid1a,10,977,1b,17,994
10,38,vid1b,1,128,1b,6,134
11,38,vid1b,2,224,1b,6,230
12,38,vid1b,3,320,1b,6,326
13,38,vid1b,4,416,1b,6,422
14,38,vid1b,5,512,1b,6,518
15,38,vid1b,6,609,1b,6,615
16,38,vid1b,7,705,1b,6,711
17,38,vid1b,8,801,1b,6,807
18,38,vid1b,9,897,1b,6,903
19,38,vid1b,10,993,1b,6,999
20,38,vid2,1,134,2b,11,145
21,38,vid2,2,230,2b,11,241
22,38,vid2,3,326,2a,11,337
23,38,vid2,4,422,2a,11,433
24,38,vid2,5,518,2b,11,529
25,38,vid2,6,615,2a,11,626
26,38,vid2,7,711,2b,11,722
27,38,vid2,8,807,2a,11,818
28,38,vid2,9,903,2a,11,914
29,38,vid2,10,999,2a,11,1010
30,38,vid3,1,146,3b,15,161
31,38,vid3,2,241,3b,15,256
32,38,vid3,3,337,3b,15,352
33,38,vid3,4,433,3b,15,448
34,38,vid3,5,529,3b,15,544
35,38,vid3,6,626,3a,15,641
36,38,vid3,7,722,3a,15,737
37,38,vid3,8,818,3b,15,833
38,38,vid3,9,914,3a,15,929
39,38,vid3,10,1010,3a,15,1025
40,38,vid4,1,161,4b,16,177
41,38,vid4,2,257,4b,16,273
42,38,vid4,3,353,4a,16,369
43,38,vid4,4,448,4a,16,464
44,38,vid4,5,545,4b,16,561
45,38,vid4,6,641,4a,16,657
46,38,vid4,7,737,4b,16,753
47,38,vid4,8,834,4a,16,850
48,38,vid4,9,929,4a,16,945
49,38,vid4,10,1026,4a,16,1042
50,38,vid5,1,177,5,7,184
51,38,vid5,2,273,5,7,280
52,38,vid5,3,369,5,7,376
53,38,vid5,4,465,5,7,472
54,38,vid5,5,561,5,7,568
55,38,vid5,6,657,5,7,664
56,38,vid5,7,753,5,7,760
57,38,vid5,8,850,5,7,857
58,38,vid5,9,945,5,7,952
59,38,vid5,10,1042,5,7,1049
60,38,vid1a_q,0,12,1b,17,29
61,38,vid1a_q,11,1075,1b,17,1092
62,38,vid1b_q,0,29,1b,6,35
63,38,vid1b_q,11,1092,1b,6,1098
64,38,vid2_q,0,35,2b,11,46
65,38,vid2_q,11,1098,2b,11,1109
66,38,vid3_q,0,49,3a,15,64
67,38,vid3_q,11,1112,3a,15,1127
68,38,vid4_q,0,67,4b,16,83
69,38,vid4_q,11,1130,4b,16,1146
70,38,vid5_q,0,83,5,7,90
71,38,vid5_q,11,1146,5,7,1153
0,40,vid1a,1,112,1b,17,129
1,40,vid1a,2,208,1b,17,225
2,40,vid1a,3,304,1b,17,321
3,40,vid1a,4,400,1b,17,417
4,40,vid1a,5,496,1b,17,513
5,40,vid1a,6,592,1b,17,609
6,40,vid1a,7,688,1b,17,705
7,40,vid1a,8,785,1b,17,802
8,40,vid1a,9,880,1b,17,897
9,40,vid1a,10,976,1b,17,993
10,40,vid1b,1,129,1b,6,135
11,40,vid1b,2,224,1b,6,230
12,40,vid1b,3,321,1b,6,327
13,40,vid1b,4,417,1b,6,423
14,40,vid1b,5,513,1b,6,519
15,40,vid1b,6,609,1b,6,615
16,40,vid1b,7,705,1b,6,711
17,40,vid1b,8,801,1b,6,807
18,40,vid1b,9,897,1b,6,903
19,40,vid1b,10,993,1b,6,999
20,40,vid2,1,135,2a,11,146
21,40,vid2,2,230,2b,11,241
22,40,vid2,3,327,2b,11,338
23,40,vid2,4,423,2a,11,434
24,40,vid2,5,519,2b,11,530
25,40,vid2,6,615,2a,11,626
26,40,vid2,7,711,2b,11,722
27,40,vid2,8,807,2a,11,818
28,40,vid2,9,903,2a,11,914
29,40,vid2,10,999,2b,11,1010
30,40,vid3,1,146,3a,15,161
31,40,vid3,2,242,3b,15,257
32,40,vid3,3,338,3a,15,353
33,40,vid3,4,434,3b,15,449
34,40,vid3,5,530,3b,15,545
35,40,vid3,6,626,3a,15,641
36,40,vid3,7,722,3a,15,737
37,40,vid3,8,819,3b,15,834
38,40,vid3,9,914,3a,15,929
39,40,vid3,10,1011,3b,15,1026
40,40,vid4,1,161,4a,16,177
41,40,vid4,2,257,4b,16,273
42,40,vid4,3,353,4b,16,369
43,40,vid4,4,449,4a,16,465
44,40,vid4,5,545,4b,16,561
45,40,vid4,6,641,4a,16,657
46,40,vid4,7,737,4b,16,753
47,40,vid4,8,834,4a,16,850
48,40,vid4,9,930,4a,16,946
49,40,vid4,10,1026,4b,16,1042
50,40,vid5,1,177,5,7,184
51,40,vid5,2,273,5,7,280
52,40,vid5,3,369,5,7,376
53,40,vid5,4,465,5,7,472
54,40,vid5,5,561,5,7,568
55,40,vid5,6,657,5,7,664
56,40,vid5,7,753,5,7,760
57,40,vid5,8,850,5,7,857
58,40,vid5,9,946,5,7,953
59,40,vid5,10,1042,5,7,1049
60,40,vid1a_q,0,13,1b,17,30
61,40,vid1a_q,11,1075,1b,17,1092
62,40,vid1b_q,0,29,1b,6,35
63,40,vid1b_q,11,1092,1b,6,1098
64,40,vid2_q,0,35,2a,11,46
65,40,vid2_q,11,1098,2b,11,1109
66,40,vid3_q,0,49,3b,15,64
67,40,vid3_q,11,1112,3a,15,1127
68,40,vid4_q,0,67,4a,16,83
69,40,vid4_q,11,1130,4b,16,1146
70,40,vid5_q,0,83,5,7,90
71,40,vid5_q,11,1146,5,7,1153
0,41,vid1a,1,111,1b,17,128
1,41,vid1a,2,207,1b,17,224
2,41,vid1a,3,303,1b,17,320
3,41,vid1a,4,399,1b,17,416
4,41,vid1a,5,495,1b,17,512
5,41,vid1a,6,591,1b,17,608
6,41,vid1a,7,688,1b,17,705
7,41,vid1a,8,783,1b,17,800
8,41,vid1a,9,880,1b,17,897
9,41,vid1a,10,976,1b,17,993
10,41,vid1b,1,128,1b,6,134
11,41,vid1b,2,224,1b,6,230
12,41,vid1b,3,320,1b,6,326
13,41,vid1b,4,416,1b,6,422
14,41,vid1b,5,512,1b,6,518
15,41,vid1b,6,608,1b,6,614
16,41,vid1b,7,705,1b,6,711
17,41,vid1b,8,800,1b,6,806
18,41,vid1b,9,897,1b,6,903
19,41,vid1b,10,993,1b,6,999
20,41,vid2,1,134,2a,11,145
21,41,vid2,2,230,2b,11,241
22,41,vid2,3,326,2b,11,337
23,41,vid2,4,422,2a,11,433
24,41,vid2,5,518,2a,11,529
25,41,vid2,6,614,2b,11,625
26,41,vid2,7,711,2b,11,722
27,41,vid2,8,806,2a,11,817
28,41,vid2,9,903,2a,11,914
29,41,vid2,10,999,2b,11,1010
30,41,vid3,1,145,3a,15,160
31,41,vid3,2,241,3b,15,256
32,41,vid3,3,337,3a,15,352
33,41,vid3,4,433,3b,15,448
34,41,vid3,5,529,3a,15,544
35,41,vid3,6,625,3b,15,640
36,41,vid3,7,722,3a,15,737
37,41,vid3,8,817,3b,15,832
38,41,vid3,9,914,3a,15,929
39,41,vid3,10,1010,3b,15,1025
40,41,vid4,1,161,4a,16,177
41,41,vid4,2,257,4b,16,273
42,41,vid4,3,353,4b,16,369
43,41,vid4,4,448,4a,16,464
44,41,vid4,5,545,4a,16,561
45,41,vid4,6,641,4b,16,657
46,41,vid4,7,737,4b,16,753
47,41,vid4,8,833,4a,16,849
48,41,vid4,9,929,4a,16,945
49,41,vid4,10,1026,4b,16,1042
50,41,vid5,1,177,5,7,184
51,41,vid5,2,273,5,7,280
52,41,vid5,3,369,5,7,376
53,41,vid5,4,464,5,7,471
54,41,vid5,5,561,5,7,568
55,41,vid5,6,657,5,7,664
56,41,vid5,7,753,5,7,760
57,41,vid5,8,849,5,7,856
58,41,vid5,9,945,5,7,952
59,41,vid5,10,1042,5,7,1049
60,41,vid1a_q,0,12,1b,17,29
61,41,vid1a_q,11,1075,1b,17,1092
62,41,vid1b_q,0,29,1b,6,35
63,41,vid1b_q,11,1092,1b,6,1098
64,41,vid2_q,0,35,2a,11,46
65,41,vid2_q,11,1098,2b,11,1109
66,41,vid3_q,0,49,3b,15,64
67,41,vid3_q,11,1112,3a,15,1127
68,41,vid4_q,0,67,4a,16,83
69,41,vid4_q,11,1130,4b,16,1146
70,41,vid5_q,0,83,5,7,90
71,41,vid5_q,11,1146,5,7,1153
0,42,vid1a,1,111,1b,17,128
1,42,vid1a,2,207,1b,17,224
2,42,vid1a,3,303,1b,17,320
3,42,vid1a,4,399,1b,17,416
4,42,vid1a,5,495,1b,17,512
5,42,vid1a,6,591,1b,17,608
6,42,vid1a,7,688,1b,17,705
7,42,vid1a,8,784,1b,17,801
8,42,vid1a,9,881,1b,17,898
9,42,vid1a,10,977,1b,17,994
10,42,vid1b,1,128,1b,6,134
11,42,vid1b,2,224,1b,6,230
12,42,vid1b,3,320,1b,6,326
13,42,vid1b,4,416,1b,6,422
14,42,vid1b,5,512,1b,6,518
15,42,vid1b,6,608,1b,6,614
16,42,vid1b,7,705,1b,6,711
17,42,vid1b,8,801,1b,6,807
18,42,vid1b,9,898,1b,6,904
19,42,vid1b,10,994,1b,6,1000
20,42,vid2,1,134,2a,11,145
21,42,vid2,2,230,2b,11,241
22,42,vid2,3,326,2a,11,337
23,42,vid2,4,422,2a,11,433
24,42,vid2,5,518,2a,11,529
25,42,vid2,6,614,2b,11,625
26,42,vid2,7,711,2b,11,722
27,42,vid2,8,807,2b,11,818
28,42,vid2,9,904,2b,11,915
29,42,vid2,10,1000,2a,11,1011
30,42,vid3,1,145,3a,15,160
31,42,vid3,2,241,3b,15,256
32,42,vid3,3,337,3b,15,352
33,42,vid3,4,433,3b,15,448
34,42,vid3,5,529,3a,15,544
35,42,vid3,6,625,3b,15,640
36,42,vid3,7,722,3a,15,737
37,42,vid3,8,818,3a,15,833
38,42,vid3,9,915,3b,15,930
39,42,vid3,10,1011,3a,15,1026
40,42,vid4,1,161,4a,16,177
41,42,vid4,2,257,4b,16,273
42,42,vid4,3,353,4a,16,369
43,42,vid4,4,448,4a,16,464
44,42,vid4,5,545,4a,16,561
45,42,vid4,6,641,4b,16,657
46,42,vid4,7,737,4b,16,753
47,42,vid4,8,834,4b,16,850
48,42,vid4,9,930,4b,16,946
49,42,vid4,10,1027,4a,16,1043
50,42,vid5,1,177,5,7,184
51,42,vid5,2,273,5,7,280
52,42,vid5,3,369,5,7,376
53,42,vid5,4,464,5,7,471
54,42,vid5,5,561,5,7,568
55,42,vid5,6,657,5,7,664
56,42,vid5,7,753,5,7,760
57,42,vid5,8,850,5,7,857
58,42,vid5,9,946,5,7,953
59,42,vid5,10,1043,5,7,1050
60,42,vid1a_q,0,13,1b,17,30
61,42,vid1a_q,11,1076,1b,17,1093
62,42,vid1b_q,0,29,1b,6,35
63,42,vid1b_q,11,1092,1b,6,1098
64,42,vid2_q,0,35,2a,11,46
65,42,vid2_q,11,1098,2b,11,1109
66,42,vid3_q,0,49,3b,15,64
67,42,vid3_q,11,1112,3a,15,1127
68,42,vid4_q,0,67,4a,16,83
69,42,vid4_q,11,1130,4b,16,1146
70,42,vid5_q,0,83,5,7,90
71,42,vid5_q,11,1146,5,7,1153
0,43,vid1a,1,111,1b,17,128
1,43,vid1a,2,207,1b,17,224
2,43,vid1a,3,303,1b,17,320
3,43,vid1a,4,399,1b,17,416
4,43,vid1a,5,495,1b,17,512
5,43,vid1a,6,591,1b,17,608
6,43,vid1a,7,687,1b,17,704
7,43,vid1a,8,783,1b,17,800
8,43,vid1a,9,880,1b,17,897
9,43,vid1a,10,977,1b,17,994
10,43,vid1b,1,128,1b,6,134
11,43,vid1b,2,224,1b,6,230
12,43,vid1b,3,320,1b,6,326
13,43,vid1b,4,415,1b,6,421
14,43,vid1b,5,511,1b,6,517
15,43,vid1b,6,607,1b,6,613
16,43,vid1b,7,704,1b,6,710
17,43,vid1b,8,800,1b,6,806
18,43,vid1b,9,897,1b,6,903
19,43,vid1b,10,993,1b,6,999
20,43,vid2,1,134,2b,11,145
21,43,vid2,2,230,2a,11,241
22,43,vid2,3,326,2b,11,337
23,43,vid2,4,421,2a,11,432
24,43,vid2,5,517,2a,11,528
25,43,vid2,6,613,2b,11,624
26,43,vid2,7,710,2a,11,721
27,43,vid2,8,806,2b,11,817
28,43,vid2,9,903,2a,11,914
29,43,vid2,10,999,2b,11,1010
30,43,vid3,1,145,3b,15,160
31,43,vid3,2,241,3a,15,256
32,43,vid3,3,337,3a,15,352
33,43,vid3,4,433,3b,15,448
34,43,vid3,5,529,3a,15,544
35,43,vid3,6,625,3b,15,640
36,43,vid3,7,721,3b,15,736
37,43,vid3,8,817,3a,15,832
38,43,vid3,9,914,3a,15,929
39,43,vid3,10,1011,3b,15,1026
40,43,vid4,1,161,4b,16,177
41,43,vid4,2,256,4a,16,272
42,43,vid4,3,353,4b,16,369
43,43,vid4,4,448,4a,16,464
44,43,vid4,5,544,4a,16,560
45,43,vid4,6,640,4b,16,656
46,43,vid4,7,736,4a,16,752
47,43,vid4,8,833,4b,16,849
48,43,vid4,9,929,4a,16,945
49,43,vid4,10,1026,4b,16,1042
50,43,vid5,1,177,5,7,184
51,43,vid5,2,272,5,7,279
52,43,vid5,3,369,5,7,376
53,43,vid5,4,464,5,7,471
54,43,vid5,5,560,5,7,567
55,43,vid5,6,656,5,7,663
56,43,vid5,7,752,5,7,759
57,43,vid5,8,849,5,7,856
58,43,vid5,9,945,5,7,952
59,43,vid5,10,1042,5,7,1049
60,43,vid1a_q,0,12,1b,17,29
61,43,vid1a_q,11,1075,1b,17,1092
62,43,vid1b_q,0,29,1b,6,35
63,43,vid1b_q,11,1092,1b,6,1098
64,43,vid2_q,0,35,2a,11,46
65,43,vid2_q,11,1098,2b,11,1109
66,43,vid3_q,0,49,3b,15,64
67,43,vid3_q,11,1112,3a,15,1127
68,43,vid4_q,0,67,4a,16,83
69,43,vid4_q,11,1130,4b,16,1146
70,43,vid5_q,0,83,5,7,90
71,43,vid5_q,11,1146,5,7,1153
0,44,vid1a,1,111,1b,17,128
1,44,vid1a,2,207,1b,17,224
2,44,vid1a,3,302,1b,17,319
3,44,vid1a,4,398,1b,17,415
4,44,vid1a,5,494,1b,17,511
5,44,vid1a,6,591,1b,17,608
6,44,vid1a,7,687,1b,17,704
7,44,vid1a,8,783,1b,17,800
8,44,vid1a,9,879,1b,17,896
9,44,vid1a,10,976,1b,17,993
10,44,vid1b,1,128,1b,6,134
11,44,vid1b,2,223,1b,6,229
12,44,vid1b,3,319,1b,6,325
13,44,vid1b,4,415,1b,6,421
14,44,vid1b,5,511,1b,6,517
15,44,vid1b,6,607,1b,6,613
16,44,vid1b,7,704,1b,6,710
17,44,vid1b,8,800,1b,6,806
18,44,vid1b,9,896,1b,6,902
19,44,vid1b,10,992,1b,6,998
20,44,vid2,1,134,2b,11,145
21,44,vid2,2,229,2b,11,240
22,44,vid2,3,325,2b,11,336
23,44,vid2,4,421,2b,11,432
24,44,vid2,5,517,2a,11,528
25,44,vid2,6,613,2a,11,624
26,44,vid2,7,710,2b,11,721
27,44,vid2,8,806,2a,11,817
28,44,vid2,9,902,2b,11,913
29,44,vid2,10,998,2a,11,1009
30,44,vid3,1,145,3b,15,160
31,44,vid3,2,241,3b,15,256
32,44,vid3,3,336,3a,15,351
33,44,vid3,4,433,3a,15,448
34,44,vid3,5,528,3a,15,543
35,44,vid3,6,625,3a,15,640
36,44,vid3,7,721,3a,15,736
37,44,vid3,8,817,3b,15,832
38,44,vid3,9,913,3b,15,928
39,44,vid3,10,1010,3a,15,1025
40,44,vid4,1,161,4b,16,177
41,44,vid4,2,256,4b,16,272
42,44,vid4,3,352,4b,16,368
43,44,vid4,4,448,4b,16,464
44,44,vid4,5,544,4a,16,560
45,44,vid4,6,640,4a,16,656
46,44,vid4,7,736,4b,16,752
47,44,vid4,8,832,4a,16,848
48,44,vid4,9,929,4b,16,945
49,44,vid4,10,1025,4a,16,1041
50,44,vid5,1,177,5,7,184
51,44,vid5,2,272,5,7,279
52,44,vid5,3,368,5,7,375
53,44,vid5,4,464,5,7,471
54,44,vid5,5,560,5,7,567
55,44,vid5,6,656,5,7,663
56,44,vid5,7,752,5,7,759
57,44,vid5,8,848,5,7,855
58,44,vid5,9,945,5,7,952
59,44,vid5,10,1041,5,7,1048
60,44,vid1a_q,0,12,1b,17,29
61,44,vid1a_q,11,1074,1b,17,1091
62,44,vid1b_q,0,29,1b,6,35
63,44,vid1b_q,11,1091,1b,6,1097
64,44,vid2_q,0,35,2a,11,46
65,44,vid2_q,11,1097,2a,11,1108
66,44,vid3_q,0,49,3b,15,64
67,44,vid3_q,11,1111,3b,15,1126
68,44,vid4_q,0,67,4a,16,83
69,44,vid4_q,11,1129,4a,16,1145
70,44,vid5_q,0,83,5,7,90
71,44,vid5_q,11,1145,5,7,1152
